EventID,InterfaceID,SourceSystem,TargetSystem,Middleware,Pattern,Status,ErrorCode,ErrorText,RootCauseClass,Latency_ms,SessionID,RequestID,Timestamp
EVT-0000006,IF_HCMPAY_SAPFIN_001,HCM,SAP_ERP,SFTP,Batch,Success,,,,11077,SESS-93817EA810,REQ-078391B5B9CE,2026-09-12 17:21:34
EVT-0000012,IF_HCMPAY_SAPFIN_001,HCM,SAP_ERP,SFTP,Batch,Success,,,,13559,SESS-268F9F3EBB,REQ-C0BAB325F27D,2026-09-10 08:03:17
EVT-0000024,IF_HCMPAY_SAPFIN_001,HCM,SAP_ERP,SFTP,Batch,Retry,INFRA_008,Runtime node unavailable,Infrastructure,47482,SESS-3CBFB6AEF7,REQ-3A02FC9D95D4,2026-09-11 14:21:27
EVT-0000030,IF_HCMPAY_SAPFIN_001,HCM,SAP_ERP,SFTP,Batch,Success,,,,13014,SESS-58E80A24BD,REQ-C4BF9554D38B,2026-09-10 13:05:37
EVT-0000046,IF_HCMWM_SAPFIN_001,HCM,SAP_ERP,ESB,Async,Retry,CAP_003,Downstream service is at capacity,Capacity,16735,SESS-70D97C9B9A,REQ-0039FF92D68D,2026-09-12 18:48:45
EVT-0000049,IF_HCMPAY_SAPFIN_001,HCM,SAP_ERP,SFTP,Batch,Success,,,,18367,SESS-52DA37CE47,REQ-DD95C9271DD3,2026-09-16 11:06:47
EVT-0000070,IF_HCMPAY_SAPFIN_001,HCM,SAP_ERP,SFTP,Batch,Success,,,,13997,SESS-8B6491819F,REQ-2D070F6FE082,2026-09-14 03:25:20
EVT-0000080,IF_HCMPAY_SAPFIN_001,HCM,SAP_ERP,SFTP,Batch,Success,,,,15007,SESS-A135372351,REQ-19FA6E755F7F,2026-09-11 23:25:02
EVT-0000092,IF_HCMPAY_SAPFIN_001,HCM,SAP_ERP,SFTP,Batch,Success,,,,10688,SESS-3A64F431E7,REQ-60144115F887,2026-09-16 11:04:09
EVT-0000094,IF_HCMWM_SAPFIN_001,HCM,SAP_ERP,ESB,Async,Retry,CFG_017,Interface configuration mismatch,Configuration,11989,SESS-6E1D7DCCF5,REQ-E117CB0353AF,2026-09-12 04:07:12
EVT-0000095,IF_HCMPAY_SAPFIN_001,HCM,SAP_ERP,SFTP,Batch,Success,,,,15188,SESS-051A2D850D,REQ-77DD759F9C2E,2026-09-14 08:19:42
EVT-0000109,IF_HCMWM_SAPFIN_001,HCM,SAP_ERP,ESB,Async,Success,,,,4047,SESS-3D14E69E9E,REQ-8A651250C545,2026-09-11 15:33:26
EVT-0000123,IF_HCMPAY_SAPFIN_001,HCM,SAP_ERP,SFTP,Batch,Success,,,,12657,SESS-552C4C0C84,REQ-0364C43EB988,2026-09-11 19:54:52
EVT-0000154,IF_HCMWM_SAPFIN_001,HCM,SAP_ERP,ESB,Async,Success,,,,5451,SESS-8AB8FFBDC0,REQ-F8BD680A2612,2026-09-13 12:58:04
EVT-0000202,IF_HCMWM_SAPFIN_001,HCM,SAP_ERP,ESB,Async,Success,,,,4527,SESS-B0EF260FED,REQ-C9E8BE4EDC0C,2026-09-14 06:46:07
EVT-0000219,IF_HCMWM_SAPFIN_001,HCM,SAP_ERP,ESB,Async,Success,,,,4559,SESS-6B745661C6,REQ-0DDC9EFB97CA,2026-09-15 20:23:39
EVT-0000263,IF_HCMWM_SAPFIN_001,HCM,SAP_ERP,ESB,Async,Success,,,,4528,SESS-43F9253796,REQ-9FF72EF80F80,2026-09-14 02:14:07
EVT-0000266,IF_HCMPAY_SAPFIN_001,HCM,SAP_ERP,SFTP,Batch,Failed,CAP_003,Downstream service is at capacity,Capacity,105492,SESS-7838651160,REQ-490D0123536D,2026-09-15 21:54:38
EVT-0000279,IF_HCMWM_SAPFIN_001,HCM,SAP_ERP,ESB,Async,Success,,,,5708,SESS-0AB871EEBB,REQ-4162B59C4C12,2026-09-15 20:19:37
EVT-0000288,IF_HCMPAY_SAPFIN_001,HCM,SAP_ERP,SFTP,Batch,Retry,DB_COMMIT_014,Transaction commit failed,Database,33970,SESS-BE796B3D67,REQ-DE183DE25687,2026-09-11 17:17:24
EVT-0000289,IF_HCMWM_SAPFIN_001,HCM,SAP_ERP,ESB,Async,Success,,,,4296,SESS-93326AFCB4,REQ-F550A9F946FE,2026-09-16 20:27:40
EVT-0000298,IF_HCMWM_SAPFIN_001,HCM,SAP_ERP,ESB,Async,Success,,,,3959,SESS-48CA6A8F2D,REQ-D710F40A6FDC,2026-09-11 15:53:22
EVT-0000342,IF_HCMPAY_SAPFIN_001,HCM,SAP_ERP,SFTP,Batch,Success,,,,14887,SESS-9624FE19CA,REQ-AFD62F41EA3C,2026-09-10 20:19:47
EVT-0000349,IF_HCMPAY_SAPFIN_001,HCM,SAP_ERP,SFTP,Batch,Success,,,,13612,SESS-8EABBE5046,REQ-B34D6E39C904,2026-09-16 20:54:21
EVT-0000353,IF_HCMWM_SAPFIN_001,HCM,SAP_ERP,ESB,Async,Success,,,,3725,SESS-379579BC27,REQ-A7120B3DBD92,2026-09-12 20:13:33
EVT-0000367,IF_HCMWM_SAPFIN_001,HCM,SAP_ERP,ESB,Async,Success,,,,5061,SESS-C996824E73,REQ-4CC9F9D17C9F,2026-09-11 03:33:03
EVT-0000369,IF_HCMWM_SAPFIN_001,HCM,SAP_ERP,ESB,Async,Success,,,,2831,SESS-AA2A251B31,REQ-DF7A25A1AB70,2026-09-13 09:13:16
EVT-0000376,IF_HCMWM_SAPFIN_001,HCM,SAP_ERP,ESB,Async,Success,,,,3127,SESS-BAC1FDBFF4,REQ-C2C3EE91208C,2026-09-12 14:55:03
EVT-0000388,IF_HCMPAY_SAPFIN_001,HCM,SAP_ERP,SFTP,Batch,Failed,AUTH_401,Service credential rejected,Authentication,61819,SESS-8032AEB34C,REQ-A12768AE6EA4,2026-09-10 22:30:10
EVT-0000406,IF_HCMPAY_SAPFIN_001,HCM,SAP_ERP,SFTP,Batch,Success,,,,20064,SESS-7F8F263E00,REQ-6CE2112136D3,2026-09-16 17:22:33
EVT-0000407,IF_HCMPAY_SAPFIN_001,HCM,SAP_ERP,SFTP,Batch,Retry,CAP_003,Downstream service is at capacity,Capacity,39415,SESS-C1F6E7AB66,REQ-D4F8B1B10A32,2026-09-16 15:25:02
EVT-0000425,IF_HCMPAY_SAPFIN_001,HCM,SAP_ERP,SFTP,Batch,Success,,,,16131,SESS-D4B033E036,REQ-0A38716F2618,2026-09-10 04:29:48
EVT-0000429,IF_HCMPAY_SAPFIN_001,HCM,SAP_ERP,SFTP,Batch,Success,,,,11688,SESS-1E00344D3B,REQ-0623A20FC62C,2026-09-10 02:25:07
EVT-0000446,IF_HCMWM_SAPFIN_001,HCM,SAP_ERP,ESB,Async,Success,,,,4220,SESS-9595981034,REQ-BFDED132EFD1,2026-09-13 17:44:46
EVT-0000460,IF_HCMPAY_SAPFIN_001,HCM,SAP_ERP,SFTP,Batch,Success,,,,9842,SESS-E88D8E27EB,REQ-123BEF7AD895,2026-09-12 04:24:45
EVT-0000530,IF_HCMPAY_SAPFIN_001,HCM,SAP_ERP,SFTP,Batch,Retry,DB_COMMIT_014,Transaction commit failed,Database,44374,SESS-3B76AE0D6B,REQ-642C7437CAAB,2026-09-15 06:13:16
EVT-0000554,IF_HCMPAY_SAPFIN_001,HCM,SAP_ERP,SFTP,Batch,Success,,,,11876,SESS-121EB1689F,REQ-D0F1E22F68B5,2026-09-10 07:46:16
EVT-0000567,IF_HCMPAY_SAPFIN_001,HCM,SAP_ERP,SFTP,Batch,Success,,,,10339,SESS-4735F5C151,REQ-6D70C29AB5F9,2026-09-14 09:04:13
EVT-0000568,IF_HCMWM_SAPFIN_001,HCM,SAP_ERP,ESB,Async,Success,,,,4198,SESS-F1909F5F6C,REQ-24C8E69F4278,2026-09-13 10:42:12
EVT-0000578,IF_HCMWM_SAPFIN_001,HCM,SAP_ERP,ESB,Async,Success,,,,4674,SESS-502DB8FC94,REQ-6000A83B6D40,2026-09-10 04:48:51
EVT-0000603,IF_HCMWM_SAPFIN_001,HCM,SAP_ERP,ESB,Async,Failed,VAL_400,Required business field failed validation,Validation,17767,SESS-1700694557,REQ-DF80B0590BF2,2026-09-12 21:25:16
EVT-0000608,IF_HCMPAY_SAPFIN_001,HCM,SAP_ERP,SFTP,Batch,Success,,,,18313,SESS-6F9BDC8973,REQ-43E1AC4EA646,2026-09-11 20:09:40
EVT-0000616,IF_HCMPAY_SAPFIN_001,HCM,SAP_ERP,SFTP,Batch,Success,,,,16139,SESS-F80B7B1750,REQ-5050AF168E0B,2026-09-14 16:40:20
EVT-0000624,IF_HCMWM_SAPFIN_001,HCM,SAP_ERP,ESB,Async,Success,,,,6160,SESS-DE84ABE993,REQ-9645A5D99ACB,2026-09-12 08:14:53
EVT-0000629,IF_HCMWM_SAPFIN_001,HCM,SAP_ERP,ESB,Async,Success,,,,5137,SESS-55B448DE70,REQ-157E32B66D5E,2026-09-15 05:58:28
EVT-0000635,IF_HCMPAY_SAPFIN_001,HCM,SAP_ERP,SFTP,Batch,Success,,,,15128,SESS-3429430C57,REQ-237CC2C198FE,2026-09-10 20:47:46
EVT-0000638,IF_HCMWM_SAPFIN_001,HCM,SAP_ERP,ESB,Async,Failed,DB_COMMIT_014,Transaction commit failed,Database,18983,SESS-0F83A98136,REQ-914A89B51638,2026-09-14 01:55:49
EVT-0000639,IF_HCMPAY_SAPFIN_001,HCM,SAP_ERP,SFTP,Batch,Success,,,,15502,SESS-F30E7C3C7E,REQ-0BA5A8042130,2026-09-14 04:24:54
EVT-0000673,IF_HCMWM_SAPFIN_001,HCM,SAP_ERP,ESB,Async,Success,,,,2704,SESS-0918D54806,REQ-BB2DF238C430,2026-09-12 07:53:12
EVT-0000738,IF_HCMPAY_SAPFIN_001,HCM,SAP_ERP,SFTP,Batch,Success,,,,10596,SESS-B281FDF89D,REQ-B3E8A9BB6C85,2026-09-12 10:03:44
EVT-0000750,IF_HCMPAY_SAPFIN_001,HCM,SAP_ERP,SFTP,Batch,Success,,,,9753,SESS-3336F4EF22,REQ-B204C8BF9D25,2026-09-15 07:26:49
EVT-0000786,IF_HCMWM_SAPFIN_001,HCM,SAP_ERP,ESB,Async,Success,,,,5133,SESS-DF7FC6A9F6,REQ-793116E608A6,2026-09-10 23:39:12
EVT-0000787,IF_HCMWM_SAPFIN_001,HCM,SAP_ERP,ESB,Async,Success,,,,6497,SESS-6BF26A8D58,REQ-80DED8FEE6BC,2026-09-13 08:11:46
EVT-0000808,IF_HCMPAY_SAPFIN_001,HCM,SAP_ERP,SFTP,Batch,Retry,INFRA_008,Runtime node unavailable,Infrastructure,29285,SESS-EDCD2D78FB,REQ-F1F9CD80176B,2026-09-11 01:47:13
EVT-0000810,IF_HCMWM_SAPFIN_001,HCM,SAP_ERP,ESB,Async,Success,,,,4324,SESS-BC3430F4D9,REQ-9B14D4B25DC9,2026-09-10 05:44:58
EVT-0000835,IF_HCMWM_SAPFIN_001,HCM,SAP_ERP,ESB,Async,Success,,,,5724,SESS-05BB1D6102,REQ-1923A4919B12,2026-09-14 20:42:46
EVT-0000852,IF_HCMWM_SAPFIN_001,HCM,SAP_ERP,ESB,Async,Success,,,,4070,SESS-DAC2942AED,REQ-C91C9D5FF609,2026-09-11 23:08:30
EVT-0000883,IF_HCMPAY_SAPFIN_001,HCM,SAP_ERP,SFTP,Batch,Success,,,,9277,SESS-BD567CB1FD,REQ-9EFE77E737BF,2026-09-12 11:48:52
EVT-0000896,IF_HCMWM_SAPFIN_001,HCM,SAP_ERP,ESB,Async,Success,,,,3216,SESS-471692F916,REQ-2541F627B1B4,2026-09-16 02:15:58
EVT-0000903,IF_HCMPAY_SAPFIN_001,HCM,SAP_ERP,SFTP,Batch,Retry,TIME_004,Downstream response exceeded SLA,Timeout,49040,SESS-BC74B60F6F,REQ-AB253AC8E0FE,2026-09-16 08:35:10
EVT-0000952,IF_HCMWM_SAPFIN_001,HCM,SAP_ERP,ESB,Async,Success,,,,5173,SESS-DEA7F83172,REQ-7FCB2228983D,2026-09-12 09:49:31
EVT-0000965,IF_HCMWM_SAPFIN_001,HCM,SAP_ERP,ESB,Async,Success,,,,4188,SESS-F2B8B3CACC,REQ-E4E67E14FF77,2026-09-14 04:59:54
EVT-0000966,IF_HCMWM_SAPFIN_001,HCM,SAP_ERP,ESB,Async,Success,,,,4542,SESS-4163707EF6,REQ-60B426103FC4,2026-09-13 00:58:26
EVT-0001001,IF_HCMWM_SAPFIN_001,HCM,SAP_ERP,ESB,Async,Success,,,,5071,SESS-929A593649,REQ-F79039F3556F,2026-09-13 21:12:26
EVT-0001008,IF_HCMPAY_SAPFIN_001,HCM,SAP_ERP,SFTP,Batch,Success,,,,10760,SESS-B6F389FDA9,REQ-2A96D1EF0488,2026-09-11 09:58:19
EVT-0001019,IF_HCMWM_SAPFIN_001,HCM,SAP_ERP,ESB,Async,Success,,,,5341,SESS-00165B1BAF,REQ-93E37195F4B2,2026-09-14 23:08:33
EVT-0001023,IF_HCMWM_SAPFIN_001,HCM,SAP_ERP,ESB,Async,Success,,,,4901,SESS-9BEB104EF5,REQ-5F1B479AEAD9,2026-09-12 16:48:54
EVT-0001034,IF_HCMPAY_SAPFIN_001,HCM,SAP_ERP,SFTP,Batch,Retry,CFG_017,Interface configuration mismatch,Configuration,43511,SESS-C40D1E65AA,REQ-37350E3CA65F,2026-09-13 22:12:23
EVT-0001068,IF_HCMWM_SAPFIN_001,HCM,SAP_ERP,ESB,Async,Success,,,,4981,SESS-E2B10131E7,REQ-0016BC122D9D,2026-09-16 20:33:57
EVT-0001071,IF_HCMPAY_SAPFIN_001,HCM,SAP_ERP,SFTP,Batch,Success,,,,15422,SESS-6EB64B4734,REQ-74B53AEABDB2,2026-09-11 15:04:35
EVT-0001080,IF_HCMPAY_SAPFIN_001,HCM,SAP_ERP,SFTP,Batch,Success,,,,11377,SESS-64B4918C5B,REQ-28CD3D78C43E,2026-09-11 22:17:35
EVT-0001085,IF_HCMPAY_SAPFIN_001,HCM,SAP_ERP,SFTP,Batch,Success,,,,20604,SESS-1627D2BAA4,REQ-806EC83D9858,2026-09-13 21:08:16
EVT-0001090,IF_HCMPAY_SAPFIN_001,HCM,SAP_ERP,SFTP,Batch,Failed,AUTHZ_403,Caller is not authorized,Authorization,68291,SESS-E6EC8158D1,REQ-1116FB6B3452,2026-09-14 14:31:05
EVT-0001093,IF_HCMWM_SAPFIN_001,HCM,SAP_ERP,ESB,Async,Success,,,,4886,SESS-944E704A8F,REQ-F97EC37EEC01,2026-09-14 16:47:29
EVT-0001094,IF_HCMPAY_SAPFIN_001,HCM,SAP_ERP,SFTP,Batch,Retry,NET_CONN_003,Connection reset by peer,Network,36236,SESS-0A49D0E7FB,REQ-F6B6ABD2886F,2026-09-14 18:13:01
EVT-0001102,IF_HCMPAY_SAPFIN_001,HCM,SAP_ERP,SFTP,Batch,Success,,,,12401,SESS-7BFF1C65C0,REQ-7DE919F7FF6B,2026-09-10 01:11:19
EVT-0001108,IF_HCMPAY_SAPFIN_001,HCM,SAP_ERP,SFTP,Batch,Success,,,,13400,SESS-33473B7654,REQ-79E52AFED602,2026-09-11 14:16:46
EVT-0001126,IF_HCMWM_SAPFIN_001,HCM,SAP_ERP,ESB,Async,Failed,AUTH_401,Service credential rejected,Authentication,32236,SESS-7E1700ACB0,REQ-BF6C467FDB5D,2026-09-10 10:34:01
EVT-0001127,IF_HCMPAY_SAPFIN_001,HCM,SAP_ERP,SFTP,Batch,Failed,AUTHZ_403,Caller is not authorized,Authorization,78095,SESS-72E4621E3C,REQ-5A084AC79F93,2026-09-15 04:31:33
EVT-0001139,IF_HCMWM_SAPFIN_001,HCM,SAP_ERP,ESB,Async,Success,,,,4141,SESS-DCCB721C45,REQ-141D0F90BB9A,2026-09-15 16:11:26
EVT-0001140,IF_HCMPAY_SAPFIN_001,HCM,SAP_ERP,SFTP,Batch,Success,,,,12941,SESS-87F34E1DF9,REQ-D47D8DD6D788,2026-09-11 05:22:42
EVT-0001169,IF_HCMWM_SAPFIN_001,HCM,SAP_ERP,ESB,Async,Success,,,,5493,SESS-F470975F25,REQ-2EBA8C27123D,2026-09-15 21:21:04
EVT-0001178,IF_HCMWM_SAPFIN_001,HCM,SAP_ERP,ESB,Async,Retry,VAL_400,Required business field failed validation,Validation,12185,SESS-C175AAF2E5,REQ-1311D4852E91,2026-09-10 00:48:52
EVT-0001180,IF_HCMPAY_SAPFIN_001,HCM,SAP_ERP,SFTP,Batch,Success,,,,16021,SESS-A66BF52F5B,REQ-5B41F955D070,2026-09-10 07:35:26
EVT-0001185,IF_HCMPAY_SAPFIN_001,HCM,SAP_ERP,SFTP,Batch,Retry,AUTH_401,Service credential rejected,Authentication,30765,SESS-804EF3A0B7,REQ-4F76C5CE1F91,2026-09-10 04:28:49
EVT-0001199,IF_HCMWM_SAPFIN_001,HCM,SAP_ERP,ESB,Async,Success,,,,4129,SESS-27223A25A4,REQ-1887F4145DEB,2026-09-11 21:30:11
EVT-0001224,IF_HCMPAY_SAPFIN_001,HCM,SAP_ERP,SFTP,Batch,Retry,AUTHZ_403,Caller is not authorized,Authorization,30287,SESS-371791C86F,REQ-9BD3F07B04B2,2026-09-15 14:23:21
EVT-0001242,IF_HCMPAY_SAPFIN_001,HCM,SAP_ERP,SFTP,Batch,Retry,CFG_017,Interface configuration mismatch,Configuration,37128,SESS-21B98B7D7D,REQ-D992E9D5D788,2026-09-16 07:34:11
EVT-0001247,IF_HCMWM_SAPFIN_001,HCM,SAP_ERP,ESB,Async,Success,,,,6069,SESS-8DA6EE496B,REQ-221A4F8EA563,2026-09-16 03:50:14
EVT-0001282,IF_HCMWM_SAPFIN_001,HCM,SAP_ERP,ESB,Async,Success,,,,3789,SESS-9A6E2BFB59,REQ-27BDF804B6BF,2026-09-10 03:54:09
EVT-0001298,IF_HCMWM_SAPFIN_001,HCM,SAP_ERP,ESB,Async,Success,,,,4062,SESS-B8E0E6F255,REQ-C14C35007B36,2026-09-16 15:01:31
EVT-0001299,IF_HCMPAY_SAPFIN_001,HCM,SAP_ERP,SFTP,Batch,Retry,VAL_400,Required business field failed validation,Validation,23647,SESS-398660E8F6,REQ-B81F494A3DBE,2026-09-10 07:07:46
EVT-0001300,IF_HCMWM_SAPFIN_001,HCM,SAP_ERP,ESB,Async,Success,,,,3840,SESS-33874A784A,REQ-D88DA9B0ED9F,2026-09-13 11:25:54
EVT-0001301,IF_HCMPAY_SAPFIN_001,HCM,SAP_ERP,SFTP,Batch,Success,,,,9730,SESS-D4E6E9D861,REQ-2804C4F5EC7F,2026-09-15 09:28:01
EVT-0001308,IF_HCMWM_SAPFIN_001,HCM,SAP_ERP,ESB,Async,Success,,,,4886,SESS-51BAD508EB,REQ-345BDD20135B,2026-09-15 20:44:41
EVT-0001320,IF_HCMPAY_SAPFIN_001,HCM,SAP_ERP,SFTP,Batch,Success,,,,12437,SESS-91005FBB1B,REQ-E3F5D49D8E38,2026-09-13 12:26:37
EVT-0001336,IF_HCMWM_SAPFIN_001,HCM,SAP_ERP,ESB,Async,Success,,,,4994,SESS-300D5FDCD0,REQ-889CAFCF9621,2026-09-14 12:13:55
EVT-0001352,IF_HCMWM_SAPFIN_001,HCM,SAP_ERP,ESB,Async,Success,,,,5423,SESS-786D4123E0,REQ-35BED59B3BD9,2026-09-13 13:14:48
EVT-0001353,IF_HCMPAY_SAPFIN_001,HCM,SAP_ERP,SFTP,Batch,Success,,,,7642,SESS-C590E5E637,REQ-EF6C15883586,2026-09-13 20:17:37
EVT-0001394,IF_HCMPAY_SAPFIN_001,HCM,SAP_ERP,SFTP,Batch,Success,,,,13310,SESS-83F48DD9CF,REQ-E66ACCBC4B30,2026-09-11 07:12:29
EVT-0001410,IF_HCMWM_SAPFIN_001,HCM,SAP_ERP,ESB,Async,Success,,,,4224,SESS-B68E18A92D,REQ-F6C5591CDB17,2026-09-10 18:08:44
EVT-0001419,IF_HCMWM_SAPFIN_001,HCM,SAP_ERP,ESB,Async,Success,,,,3769,SESS-BAF57D8E2F,REQ-4ED2B3F1080C,2026-09-11 04:25:59
EVT-0001437,IF_HCMPAY_SAPFIN_001,HCM,SAP_ERP,SFTP,Batch,Success,,,,15349,SESS-728FE9E588,REQ-F76023A98DDD,2026-09-12 08:13:09
EVT-0001446,IF_HCMWM_SAPFIN_001,HCM,SAP_ERP,ESB,Async,Retry,VAL_400,Required business field failed validation,Validation,8948,SESS-F0B26F9449,REQ-DA11F069E4D2,2026-09-10 17:09:47
EVT-0001447,IF_HCMWM_SAPFIN_001,HCM,SAP_ERP,ESB,Async,Retry,CFG_017,Interface configuration mismatch,Configuration,8584,SESS-B371E7C8B5,REQ-860387C009EA,2026-09-10 18:40:31
EVT-0001461,IF_HCMWM_SAPFIN_001,HCM,SAP_ERP,ESB,Async,Success,,,,4955,SESS-7EDF30EEE7,REQ-C2A3373E3FF4,2026-09-13 19:29:17
EVT-0001466,IF_HCMPAY_SAPFIN_001,HCM,SAP_ERP,SFTP,Batch,Success,,,,13684,SESS-A827A3119C,REQ-B69E69AD9E64,2026-09-10 04:44:43
EVT-0001476,IF_HCMWM_SAPFIN_001,HCM,SAP_ERP,ESB,Async,Success,,,,4974,SESS-3D8C1A1572,REQ-DDA288D91E44,2026-09-11 00:38:30
EVT-0001490,IF_HCMWM_SAPFIN_001,HCM,SAP_ERP,ESB,Async,Success,,,,4434,SESS-F4716CD3FB,REQ-3B41D9F46073,2026-09-16 21:34:57
EVT-0001495,IF_HCMPAY_SAPFIN_001,HCM,SAP_ERP,SFTP,Batch,Success,,,,12257,SESS-958C42C6B9,REQ-145BB2D71DA8,2026-09-14 16:12:58
EVT-0001512,IF_HCMPAY_SAPFIN_001,HCM,SAP_ERP,SFTP,Batch,Success,,,,9792,SESS-5B2A0B1210,REQ-31C7FBEE0B07,2026-09-15 12:22:22
EVT-0001516,IF_HCMPAY_SAPFIN_001,HCM,SAP_ERP,SFTP,Batch,Success,,,,12457,SESS-ABBFD2BA72,REQ-B42B64A34DDD,2026-09-13 01:07:59
EVT-0001523,IF_HCMPAY_SAPFIN_001,HCM,SAP_ERP,SFTP,Batch,Success,,,,14753,SESS-E3BC7EF687,REQ-6F90CDC27CCE,2026-09-14 06:28:35
EVT-0001566,IF_HCMWM_SAPFIN_001,HCM,SAP_ERP,ESB,Async,Success,,,,4858,SESS-353CD71971,REQ-733FADB7C854,2026-09-14 07:57:01
EVT-0001574,IF_HCMWM_SAPFIN_001,HCM,SAP_ERP,ESB,Async,Success,,,,4786,SESS-2D4B7B55A8,REQ-335038BFC27A,2026-09-15 09:01:42
EVT-0001587,IF_HCMWM_SAPFIN_001,HCM,SAP_ERP,ESB,Async,Success,,,,5358,SESS-A39C90891A,REQ-6D139A545A86,2026-09-13 11:05:27
EVT-0001588,IF_HCMPAY_SAPFIN_001,HCM,SAP_ERP,SFTP,Batch,Success,,,,8989,SESS-9EB42A53A4,REQ-577A208ECFF5,2026-09-15 06:33:38
EVT-0001634,IF_HCMWM_SAPFIN_001,HCM,SAP_ERP,ESB,Async,Retry,INFRA_008,Runtime node unavailable,Infrastructure,8981,SESS-DD0662A244,REQ-6A5F440A3D27,2026-09-15 06:40:47
EVT-0001637,IF_HCMWM_SAPFIN_001,HCM,SAP_ERP,ESB,Async,Success,,,,5611,SESS-D1D3CC1B49,REQ-14578D129165,2026-09-12 17:18:44
EVT-0001643,IF_HCMPAY_SAPFIN_001,HCM,SAP_ERP,SFTP,Batch,Success,,,,14195,SESS-5E303CA236,REQ-953015E0B673,2026-09-12 18:43:22
EVT-0001653,IF_HCMPAY_SAPFIN_001,HCM,SAP_ERP,SFTP,Batch,Success,,,,11362,SESS-9A0942DFAB,REQ-F8F87502132A,2026-09-10 21:50:25
EVT-0001665,IF_HCMWM_SAPFIN_001,HCM,SAP_ERP,ESB,Async,Success,,,,6527,SESS-058C93E515,REQ-BCA309DC6612,2026-09-13 06:41:14
EVT-0001675,IF_HCMWM_SAPFIN_001,HCM,SAP_ERP,ESB,Async,Success,,,,3204,SESS-51118A97B9,REQ-D1CC59CB82E4,2026-09-14 14:36:44
EVT-0001686,IF_HCMWM_SAPFIN_001,HCM,SAP_ERP,ESB,Async,Success,,,,5780,SESS-ED483B27B3,REQ-3AC9DA481764,2026-09-13 13:28:33
EVT-0001696,IF_HCMWM_SAPFIN_001,HCM,SAP_ERP,ESB,Async,Success,,,,3143,SESS-C6C1A47E6A,REQ-B742C0BD1DF6,2026-09-11 09:16:26
EVT-0001711,IF_HCMWM_SAPFIN_001,HCM,SAP_ERP,ESB,Async,Success,,,,2662,SESS-55258C8BD7,REQ-3CF30A007A81,2026-09-16 08:17:44
EVT-0001713,IF_HCMWM_SAPFIN_001,HCM,SAP_ERP,ESB,Async,Success,,,,4414,SESS-CA3AE94760,REQ-4771E1AE3F81,2026-09-14 23:42:26
EVT-0001734,IF_HCMPAY_SAPFIN_001,HCM,SAP_ERP,SFTP,Batch,Success,,,,18949,SESS-5E0459A327,REQ-53B4E4926A34,2026-09-16 21:38:08
EVT-0001737,IF_HCMWM_SAPFIN_001,HCM,SAP_ERP,ESB,Async,Retry,TIME_004,Downstream response exceeded SLA,Timeout,8497,SESS-B44301214B,REQ-545A29425A68,2026-09-11 02:49:24
EVT-0001745,IF_HCMPAY_SAPFIN_001,HCM,SAP_ERP,SFTP,Batch,Success,,,,12344,SESS-010096C033,REQ-5B9649BC72FB,2026-09-13 18:49:38
EVT-0001752,IF_HCMPAY_SAPFIN_001,HCM,SAP_ERP,SFTP,Batch,Success,,,,13454,SESS-B116C5EA75,REQ-70A229635B43,2026-09-10 16:53:05
EVT-0001815,IF_HCMWM_SAPFIN_001,HCM,SAP_ERP,ESB,Async,Failed,AUTH_401,Service credential rejected,Authentication,32201,SESS-A032A849A5,REQ-C705875DBC26,2026-09-14 16:13:14
EVT-0001838,IF_HCMWM_SAPFIN_001,HCM,SAP_ERP,ESB,Async,Success,,,,3847,SESS-4A9CE2F8C7,REQ-BBE2277394E8,2026-09-16 03:17:56
EVT-0001849,IF_HCMPAY_SAPFIN_001,HCM,SAP_ERP,SFTP,Batch,Success,,,,15026,SESS-05ABF96AD1,REQ-DECD45EDFD96,2026-09-12 12:31:33
EVT-0001852,IF_HCMPAY_SAPFIN_001,HCM,SAP_ERP,SFTP,Batch,Success,,,,19191,SESS-400AD9EC23,REQ-6D986EA96BF1,2026-09-11 19:40:51
EVT-0001865,IF_HCMPAY_SAPFIN_001,HCM,SAP_ERP,SFTP,Batch,Retry,VAL_400,Required business field failed validation,Validation,41796,SESS-270F600177,REQ-89E04C0691EB,2026-09-15 10:47:39
EVT-0001874,IF_HCMPAY_SAPFIN_001,HCM,SAP_ERP,SFTP,Batch,Success,,,,14721,SESS-45087D477C,REQ-D460338D9A1E,2026-09-14 22:48:55
EVT-0001876,IF_HCMWM_SAPFIN_001,HCM,SAP_ERP,ESB,Async,Success,,,,3640,SESS-C9A68184CD,REQ-C72B40F34010,2026-09-10 03:33:11
EVT-0001882,IF_HCMWM_SAPFIN_001,HCM,SAP_ERP,ESB,Async,Retry,DB_COMMIT_014,Transaction commit failed,Database,11435,SESS-7B48456055,REQ-3514ABD9280E,2026-09-10 03:25:34
EVT-0001891,IF_HCMPAY_SAPFIN_001,HCM,SAP_ERP,SFTP,Batch,Success,,,,16073,SESS-C545E6C74F,REQ-E475F77078AD,2026-09-15 01:33:04
EVT-0001892,IF_HCMPAY_SAPFIN_001,HCM,SAP_ERP,SFTP,Batch,Retry,AUTHZ_403,Caller is not authorized,Authorization,44260,SESS-E7C8565E1B,REQ-BD74BE40BF81,2026-09-11 17:51:49
EVT-0001914,IF_HCMWM_SAPFIN_001,HCM,SAP_ERP,ESB,Async,Success,,,,4737,SESS-C4A756F05E,REQ-18FDA677A918,2026-09-13 21:15:11
EVT-0001917,IF_HCMPAY_SAPFIN_001,HCM,SAP_ERP,SFTP,Batch,Success,,,,12204,SESS-5A450674DC,REQ-1A6AC45B8245,2026-09-12 11:16:03
EVT-0001923,IF_HCMPAY_SAPFIN_001,HCM,SAP_ERP,SFTP,Batch,Success,,,,12166,SESS-22C76EC15D,REQ-0D6207BE4FBA,2026-09-11 09:52:50
EVT-0001925,IF_HCMWM_SAPFIN_001,HCM,SAP_ERP,ESB,Async,Retry,AUTH_401,Service credential rejected,Authentication,8155,SESS-A85F5371F1,REQ-F7A2F204D674,2026-09-10 15:16:57
EVT-0001943,IF_HCMWM_SAPFIN_001,HCM,SAP_ERP,ESB,Async,Success,,,,3541,SESS-39B059269B,REQ-E9D58083074C,2026-09-15 23:28:19
EVT-0001961,IF_HCMPAY_SAPFIN_001,HCM,SAP_ERP,SFTP,Batch,Success,,,,13329,SESS-6C6D164D65,REQ-5AC4CDE9D1C4,2026-09-14 14:40:43
EVT-0001973,IF_HCMPAY_SAPFIN_001,HCM,SAP_ERP,SFTP,Batch,Success,,,,13049,SESS-F8981EA190,REQ-92C800F64C42,2026-09-13 13:03:14
EVT-0001996,IF_HCMPAY_SAPFIN_001,HCM,SAP_ERP,SFTP,Batch,Success,,,,14964,SESS-90E229AEEB,REQ-BF57A0F52BA6,2026-09-12 23:50:15
EVT-0002002,IF_HCMPAY_SAPFIN_001,HCM,SAP_ERP,SFTP,Batch,Success,,,,11495,SESS-4F2B775EB8,REQ-45FDD10D193C,2026-09-10 04:17:12
EVT-0002007,IF_HCMWM_SAPFIN_001,HCM,SAP_ERP,ESB,Async,Success,,,,4630,SESS-305BA4527A,REQ-92B69D645EB1,2026-09-13 04:25:58
EVT-0002021,IF_HCMPAY_SAPFIN_001,HCM,SAP_ERP,SFTP,Batch,Success,,,,14416,SESS-94CA9DFF7F,REQ-6FEB8C26FF6F,2026-09-14 06:10:51
EVT-0002050,IF_HCMPAY_SAPFIN_001,HCM,SAP_ERP,SFTP,Batch,Success,,,,13719,SESS-9B2AAA7FD4,REQ-407E95516201,2026-09-16 17:02:49
EVT-0002094,IF_HCMPAY_SAPFIN_001,HCM,SAP_ERP,SFTP,Batch,Success,,,,11924,SESS-8F7800BFA4,REQ-1CAA61EB959C,2026-09-10 08:00:27
EVT-0002097,IF_HCMWM_SAPFIN_001,HCM,SAP_ERP,ESB,Async,Success,,,,3951,SESS-4003C7468A,REQ-610C5A4AFFEC,2026-09-16 02:03:05
EVT-0002099,IF_HCMPAY_SAPFIN_001,HCM,SAP_ERP,SFTP,Batch,Success,,,,13091,SESS-89676C2B6C,REQ-AF3AB22F59F9,2026-09-11 13:14:53
EVT-0002109,IF_HCMWM_SAPFIN_001,HCM,SAP_ERP,ESB,Async,Success,,,,4408,SESS-AE292A6FF5,REQ-833C7CAA3AC6,2026-09-13 04:39:03
EVT-0002120,IF_HCMPAY_SAPFIN_001,HCM,SAP_ERP,SFTP,Batch,Success,,,,12639,SESS-A5A23978E7,REQ-AE4CBDD780D3,2026-09-11 01:17:31
EVT-0002128,IF_HCMWM_SAPFIN_001,HCM,SAP_ERP,ESB,Async,Success,,,,6887,SESS-2BDAB9750B,REQ-ADA66B1B7533,2026-09-14 10:06:29
EVT-0002150,IF_HCMPAY_SAPFIN_001,HCM,SAP_ERP,SFTP,Batch,Success,,,,12459,SESS-3EAD764E36,REQ-1ABE546970C5,2026-09-16 08:36:37
EVT-0002152,IF_HCMPAY_SAPFIN_001,HCM,SAP_ERP,SFTP,Batch,Success,,,,16668,SESS-04564DA644,REQ-751DE5379765,2026-09-15 00:21:34
EVT-0002155,IF_HCMPAY_SAPFIN_001,HCM,SAP_ERP,SFTP,Batch,Success,,,,14298,SESS-80DD259DB2,REQ-EBDFF8FE2858,2026-09-11 03:02:52
EVT-0002161,IF_HCMPAY_SAPFIN_001,HCM,SAP_ERP,SFTP,Batch,Success,,,,10322,SESS-FFC45A4F65,REQ-79B0713AB0BF,2026-09-15 14:35:09
EVT-0002162,IF_HCMPAY_SAPFIN_001,HCM,SAP_ERP,SFTP,Batch,Success,,,,13781,SESS-15955D80DB,REQ-69B1696F65BE,2026-09-12 18:20:37
EVT-0002183,IF_HCMWM_SAPFIN_001,HCM,SAP_ERP,ESB,Async,Success,,,,4106,SESS-8584CF2E78,REQ-D55783930C5A,2026-09-16 17:43:26
EVT-0002204,IF_HCMWM_SAPFIN_001,HCM,SAP_ERP,ESB,Async,Success,,,,5533,SESS-F5CF805EF9,REQ-E033895FF0C1,2026-09-10 10:43:47
EVT-0002232,IF_HCMWM_SAPFIN_001,HCM,SAP_ERP,ESB,Async,Success,,,,4825,SESS-35C91A3A7C,REQ-3C6C3020EB66,2026-09-12 05:55:17
EVT-0002242,IF_HCMWM_SAPFIN_001,HCM,SAP_ERP,ESB,Async,Success,,,,2744,SESS-D3AB2C709C,REQ-DCBF93D7B374,2026-09-12 20:52:32
EVT-0002259,IF_HCMWM_SAPFIN_001,HCM,SAP_ERP,ESB,Async,Success,,,,4092,SESS-B1F09B3FCB,REQ-A9097F9F6135,2026-09-11 07:15:30
EVT-0002264,IF_HCMWM_SAPFIN_001,HCM,SAP_ERP,ESB,Async,Success,,,,6238,SESS-57C14CDA95,REQ-F3F5203A6BF5,2026-09-16 08:41:13
EVT-0002269,IF_HCMWM_SAPFIN_001,HCM,SAP_ERP,ESB,Async,Success,,,,5030,SESS-F52F78121D,REQ-FE3D3C04F921,2026-09-11 13:48:47
EVT-0002277,IF_HCMWM_SAPFIN_001,HCM,SAP_ERP,ESB,Async,Success,,,,4272,SESS-0C922C1D34,REQ-F735DC399A25,2026-09-11 12:27:01
EVT-0002299,IF_HCMWM_SAPFIN_001,HCM,SAP_ERP,ESB,Async,Success,,,,3449,SESS-EA22B545AC,REQ-A68279B0DC81,2026-09-10 19:03:26
EVT-0002324,IF_HCMPAY_SAPFIN_001,HCM,SAP_ERP,SFTP,Batch,Success,,,,13844,SESS-897A22A261,REQ-5B448AAC84B8,2026-09-16 22:10:48
EVT-0002328,IF_HCMWM_SAPFIN_001,HCM,SAP_ERP,ESB,Async,Retry,EXT_502,Downstream service returned 502,External Service,7443,SESS-2A47818FC5,REQ-C66591F8B1B7,2026-09-10 10:31:51
EVT-0002332,IF_HCMWM_SAPFIN_001,HCM,SAP_ERP,ESB,Async,Retry,AUTH_401,Service credential rejected,Authentication,7260,SESS-C8FDEB7E7E,REQ-B815AD3F89AB,2026-09-13 23:39:47
EVT-0002357,IF_HCMWM_SAPFIN_001,HCM,SAP_ERP,ESB,Async,Success,,,,3688,SESS-8DADCFFCB2,REQ-045ADCEE6990,2026-09-12 05:33:27
EVT-0002359,IF_HCMWM_SAPFIN_001,HCM,SAP_ERP,ESB,Async,Success,,,,4210,SESS-3E33E6EBFE,REQ-C0D97D93A433,2026-09-12 14:17:00
EVT-0002368,IF_HCMPAY_SAPFIN_001,HCM,SAP_ERP,SFTP,Batch,Success,,,,19001,SESS-B70B58973F,REQ-9427B417D92D,2026-09-12 19:23:29
EVT-0002381,IF_HCMWM_SAPFIN_001,HCM,SAP_ERP,ESB,Async,Success,,,,4604,SESS-57A56A8F7D,REQ-D25158CBB1C6,2026-09-10 14:43:28
EVT-0002413,IF_HCMWM_SAPFIN_001,HCM,SAP_ERP,ESB,Async,Retry,NET_CONN_003,Connection reset by peer,Network,11790,SESS-08828F414E,REQ-351800B54A1F,2026-09-10 10:56:14
EVT-0002429,IF_HCMPAY_SAPFIN_001,HCM,SAP_ERP,SFTP,Batch,Success,,,,12882,SESS-D50E6EB738,REQ-42C9A97934BF,2026-09-10 06:34:46
EVT-0002449,IF_HCMWM_SAPFIN_001,HCM,SAP_ERP,ESB,Async,Success,,,,4064,SESS-6BEAF22296,REQ-D0934616266B,2026-09-16 23:35:46
EVT-0002472,IF_HCMPAY_SAPFIN_001,HCM,SAP_ERP,SFTP,Batch,Success,,,,13132,SESS-F7E4571117,REQ-908ECB4878FF,2026-09-11 04:25:47
EVT-0002474,IF_HCMWM_SAPFIN_001,HCM,SAP_ERP,ESB,Async,Failed,NET_CONN_003,Connection reset by peer,Network,7142,SESS-3F47336AD2,REQ-D678D1806BCA,2026-09-13 01:48:40
EVT-0002490,IF_HCMWM_SAPFIN_001,HCM,SAP_ERP,ESB,Async,Success,,,,3773,SESS-2ED838FCE9,REQ-DA0C2C7CB153,2026-09-10 23:20:03
EVT-0002506,IF_HCMWM_SAPFIN_001,HCM,SAP_ERP,ESB,Async,Success,,,,2377,SESS-7A2315752A,REQ-AD39DB0E1688,2026-09-14 19:06:54
EVT-0002521,IF_HCMWM_SAPFIN_001,HCM,SAP_ERP,ESB,Async,Retry,CAP_003,Downstream service is at capacity,Capacity,12954,SESS-2E9B363C08,REQ-6CED681367F5,2026-09-14 12:52:33
EVT-0002523,IF_HCMWM_SAPFIN_001,HCM,SAP_ERP,ESB,Async,Success,,,,4605,SESS-21A0E55817,REQ-635D78C15505,2026-09-16 06:24:56
EVT-0002545,IF_HCMPAY_SAPFIN_001,HCM,SAP_ERP,SFTP,Batch,Success,,,,10319,SESS-2F25AA61A6,REQ-E39A783F613E,2026-09-10 16:54:38
EVT-0002551,IF_HCMPAY_SAPFIN_001,HCM,SAP_ERP,SFTP,Batch,Success,,,,16136,SESS-3343C5A97E,REQ-C23FB94C33E2,2026-09-10 00:02:42
EVT-0002553,IF_HCMWM_SAPFIN_001,HCM,SAP_ERP,ESB,Async,Success,,,,4904,SESS-91CF08DA0D,REQ-C14E17C9FB78,2026-09-14 08:54:41
EVT-0002555,IF_HCMWM_SAPFIN_001,HCM,SAP_ERP,ESB,Async,Success,,,,5452,SESS-C2D27D377F,REQ-A7880B3AD9A9,2026-09-10 02:21:06
EVT-0002564,IF_HCMPAY_SAPFIN_001,HCM,SAP_ERP,SFTP,Batch,Success,,,,13943,SESS-F7234A5941,REQ-F0B895E18681,2026-09-10 15:11:27
EVT-0002576,IF_HCMPAY_SAPFIN_001,HCM,SAP_ERP,SFTP,Batch,Success,,,,16299,SESS-3375566785,REQ-7961929947FA,2026-09-16 06:36:35
EVT-0002578,IF_HCMWM_SAPFIN_001,HCM,SAP_ERP,ESB,Async,Success,,,,3627,SESS-41F03253C9,REQ-2F913DF203A0,2026-09-16 21:43:53
EVT-0002597,IF_HCMWM_SAPFIN_001,HCM,SAP_ERP,ESB,Async,Success,,,,4043,SESS-99B6EED087,REQ-56FF8208646F,2026-09-13 13:22:42
EVT-0002607,IF_HCMPAY_SAPFIN_001,HCM,SAP_ERP,SFTP,Batch,Success,,,,17164,SESS-F652C5C1E8,REQ-1C1969B36AD6,2026-09-16 03:29:05
EVT-0002608,IF_HCMWM_SAPFIN_001,HCM,SAP_ERP,ESB,Async,Success,,,,4984,SESS-0F68D23F0B,REQ-0EEA8A59009B,2026-09-13 06:48:19
EVT-0002611,IF_HCMPAY_SAPFIN_001,HCM,SAP_ERP,SFTP,Batch,Failed,CFG_017,Interface configuration mismatch,Configuration,81868,SESS-7CE04670BF,REQ-895A86192BFD,2026-09-10 03:20:23
EVT-0002644,IF_HCMPAY_SAPFIN_001,HCM,SAP_ERP,SFTP,Batch,Success,,,,11929,SESS-25CB311636,REQ-FF798254B5B9,2026-09-13 01:16:36
EVT-0002646,IF_HCMPAY_SAPFIN_001,HCM,SAP_ERP,SFTP,Batch,Success,,,,19382,SESS-F30A942507,REQ-372256A65CB1,2026-09-13 05:43:40
EVT-0002664,IF_HCMWM_SAPFIN_001,HCM,SAP_ERP,ESB,Async,Success,,,,4866,SESS-6B894A5132,REQ-D5347746E79C,2026-09-16 08:37:19
EVT-0002665,IF_HCMWM_SAPFIN_001,HCM,SAP_ERP,ESB,Async,Success,,,,5599,SESS-5D38C2B9AB,REQ-3D022FE5E167,2026-09-12 04:42:27
EVT-0002669,IF_HCMWM_SAPFIN_001,HCM,SAP_ERP,ESB,Async,Success,,,,5208,SESS-5D085ADF63,REQ-E1CBE61EF599,2026-09-13 03:04:49
EVT-0002670,IF_HCMWM_SAPFIN_001,HCM,SAP_ERP,ESB,Async,Success,,,,5969,SESS-B7270611A9,REQ-A7BE66807269,2026-09-10 18:06:57
EVT-0002671,IF_HCMPAY_SAPFIN_001,HCM,SAP_ERP,SFTP,Batch,Success,,,,18723,SESS-8950309882,REQ-A63F79C494AE,2026-09-14 21:43:36
EVT-0002674,IF_HCMWM_SAPFIN_001,HCM,SAP_ERP,ESB,Async,Success,,,,5212,SESS-1BAF8F75C4,REQ-F1A2C3E79E42,2026-09-13 17:35:41
EVT-0002683,IF_HCMWM_SAPFIN_001,HCM,SAP_ERP,ESB,Async,Success,,,,4569,SESS-6D26B37BC1,REQ-91F91D8506F9,2026-09-15 11:40:17
EVT-0002687,IF_HCMWM_SAPFIN_001,HCM,SAP_ERP,ESB,Async,Retry,AUTHZ_403,Caller is not authorized,Authorization,9964,SESS-3F249C3B07,REQ-AB196E192EB1,2026-09-15 21:04:27
EVT-0002691,IF_HCMPAY_SAPFIN_001,HCM,SAP_ERP,SFTP,Batch,Success,,,,12602,SESS-2341E0BD59,REQ-449D019A7AB2,2026-09-10 01:58:28
EVT-0002697,IF_HCMPAY_SAPFIN_001,HCM,SAP_ERP,SFTP,Batch,Success,,,,13839,SESS-FAF5EC1683,REQ-79614EAEBFB6,2026-09-16 22:06:07
EVT-0002716,IF_HCMPAY_SAPFIN_001,HCM,SAP_ERP,SFTP,Batch,Success,,,,9448,SESS-9392433418,REQ-7B030746E86F,2026-09-15 17:48:20
EVT-0002719,IF_HCMPAY_SAPFIN_001,HCM,SAP_ERP,SFTP,Batch,Failed,AUTHZ_403,Caller is not authorized,Authorization,55673,SESS-B0FA660409,REQ-D3FD8ABFCA6E,2026-09-11 11:49:47
EVT-0002722,IF_HCMWM_SAPFIN_001,HCM,SAP_ERP,ESB,Async,Retry,NET_CONN_003,Connection reset by peer,Network,15089,SESS-9436F4519E,REQ-5FD070B317CE,2026-09-16 23:59:58
EVT-0002724,IF_HCMPAY_SAPFIN_001,HCM,SAP_ERP,SFTP,Batch,Success,,,,13333,SESS-C1492D84E6,REQ-29227FEAB3AF,2026-09-15 00:26:55
EVT-0002744,IF_HCMWM_SAPFIN_001,HCM,SAP_ERP,ESB,Async,Success,,,,3654,SESS-EB3AA8AB29,REQ-836F0CB1A657,2026-09-14 18:03:16
EVT-0002749,IF_HCMWM_SAPFIN_001,HCM,SAP_ERP,ESB,Async,Success,,,,3868,SESS-32D8D9166F,REQ-F7171E9CE203,2026-09-14 04:50:27
EVT-0002751,IF_HCMPAY_SAPFIN_001,HCM,SAP_ERP,SFTP,Batch,Retry,CFG_017,Interface configuration mismatch,Configuration,25189,SESS-05B1A510AE,REQ-AAAD4951D2E4,2026-09-12 08:37:57
EVT-0002793,IF_HCMPAY_SAPFIN_001,HCM,SAP_ERP,SFTP,Batch,Success,,,,12920,SESS-417B554A05,REQ-BC259FC61680,2026-09-10 14:31:47
EVT-0002820,IF_HCMPAY_SAPFIN_001,HCM,SAP_ERP,SFTP,Batch,Success,,,,14113,SESS-842CABD541,REQ-BA258CFE5814,2026-09-15 01:17:35
EVT-0002891,IF_HCMPAY_SAPFIN_001,HCM,SAP_ERP,SFTP,Batch,Retry,DB_COMMIT_014,Transaction commit failed,Database,49438,SESS-0EA06C7F49,REQ-6D215D170F58,2026-09-12 14:30:26
EVT-0002893,IF_HCMPAY_SAPFIN_001,HCM,SAP_ERP,SFTP,Batch,Success,,,,16042,SESS-7F4D07DA26,REQ-111CC7E81292,2026-09-10 13:45:40
EVT-0002895,IF_HCMPAY_SAPFIN_001,HCM,SAP_ERP,SFTP,Batch,Success,,,,14938,SESS-2D28287B93,REQ-F50E90258C8F,2026-09-14 18:13:51
EVT-0002896,IF_HCMWM_SAPFIN_001,HCM,SAP_ERP,ESB,Async,Failed,VAL_400,Required business field failed validation,Validation,29442,SESS-E9E88A82A4,REQ-A82536BA23DF,2026-09-12 21:54:13
EVT-0002909,IF_HCMPAY_SAPFIN_001,HCM,SAP_ERP,SFTP,Batch,Success,,,,11237,SESS-6D971D5BBB,REQ-6AC55952778F,2026-09-14 07:11:35
EVT-0002915,IF_HCMPAY_SAPFIN_001,HCM,SAP_ERP,SFTP,Batch,Retry,DB_COMMIT_014,Transaction commit failed,Database,35730,SESS-344CB8D309,REQ-FDDC04430271,2026-09-11 17:08:02
EVT-0002919,IF_HCMWM_SAPFIN_001,HCM,SAP_ERP,ESB,Async,Retry,INFRA_008,Runtime node unavailable,Infrastructure,16978,SESS-8838DBEE37,REQ-A3558D371B9E,2026-09-10 11:56:15
EVT-0002938,IF_HCMPAY_SAPFIN_001,HCM,SAP_ERP,SFTP,Batch,Failed,CAP_003,Downstream service is at capacity,Capacity,45066,SESS-42E67A5CAE,REQ-172A89E731A4,2026-09-10 10:26:16
EVT-0002945,IF_HCMWM_SAPFIN_001,HCM,SAP_ERP,ESB,Async,Success,,,,5811,SESS-42FB9AE4EE,REQ-E8D1EB6DAAE7,2026-09-11 21:27:35
EVT-0002965,IF_HCMWM_SAPFIN_001,HCM,SAP_ERP,ESB,Async,Success,,,,4347,SESS-9464B557D8,REQ-49C84AC15E79,2026-09-14 12:04:06
EVT-0002968,IF_HCMWM_SAPFIN_001,HCM,SAP_ERP,ESB,Async,Success,,,,2832,SESS-7A4A1954DC,REQ-38317AE474A9,2026-09-14 03:35:19
EVT-0002976,IF_HCMPAY_SAPFIN_001,HCM,SAP_ERP,SFTP,Batch,Success,,,,17277,SESS-9AFA197915,REQ-5FF24AA8238F,2026-09-11 21:19:58
EVT-0002986,IF_HCMWM_SAPFIN_001,HCM,SAP_ERP,ESB,Async,Success,,,,3246,SESS-6ABF199D40,REQ-DEB4366373D3,2026-09-14 09:15:24
EVT-0003003,IF_HCMWM_SAPFIN_001,HCM,SAP_ERP,ESB,Async,Retry,VAL_400,Required business field failed validation,Validation,16424,SESS-94FBF16416,REQ-D44B746D3047,2026-09-10 02:55:23
EVT-0003006,IF_HCMPAY_SAPFIN_001,HCM,SAP_ERP,SFTP,Batch,Success,,,,7909,SESS-EA57263230,REQ-1A32D9C49147,2026-09-15 23:43:38
EVT-0003012,IF_HCMWM_SAPFIN_001,HCM,SAP_ERP,ESB,Async,Success,,,,5057,SESS-E5033DA458,REQ-31BEC25F8ABE,2026-09-14 01:48:01
EVT-0003053,IF_HCMPAY_SAPFIN_001,HCM,SAP_ERP,SFTP,Batch,Success,,,,18165,SESS-1AE0DE5D82,REQ-7779F5E70088,2026-09-11 14:33:19
EVT-0003093,IF_HCMPAY_SAPFIN_001,HCM,SAP_ERP,SFTP,Batch,Success,,,,13052,SESS-4E4FFE0660,REQ-2D0B8F4FF336,2026-09-12 06:40:13
EVT-0003109,IF_HCMWM_SAPFIN_001,HCM,SAP_ERP,ESB,Async,Success,,,,4503,SESS-9A64F4ECB4,REQ-B1F063C0B797,2026-09-16 23:57:39
EVT-0003128,IF_HCMWM_SAPFIN_001,HCM,SAP_ERP,ESB,Async,Success,,,,4342,SESS-79AF7B26A3,REQ-9DB03FD699DC,2026-09-16 21:48:10
EVT-0003148,IF_HCMPAY_SAPFIN_001,HCM,SAP_ERP,SFTP,Batch,Success,,,,7509,SESS-7BD09974B8,REQ-BF0DB131688A,2026-09-15 05:15:38
EVT-0003157,IF_HCMPAY_SAPFIN_001,HCM,SAP_ERP,SFTP,Batch,Retry,AUTHZ_403,Caller is not authorized,Authorization,48208,SESS-6888D2CA09,REQ-1151BB36844C,2026-09-10 00:06:16
EVT-0003160,IF_HCMPAY_SAPFIN_001,HCM,SAP_ERP,SFTP,Batch,Success,,,,18925,SESS-3A14B686E3,REQ-C5F7A43469FB,2026-09-14 17:58:28
EVT-0003188,IF_HCMPAY_SAPFIN_001,HCM,SAP_ERP,SFTP,Batch,Retry,TIME_004,Downstream response exceeded SLA,Timeout,26945,SESS-4F9B2C95ED,REQ-038B66385293,2026-09-12 19:12:17
EVT-0003200,IF_HCMPAY_SAPFIN_001,HCM,SAP_ERP,SFTP,Batch,Success,,,,17533,SESS-68B036331A,REQ-0770383B9976,2026-09-11 10:49:32
EVT-0003202,IF_HCMWM_SAPFIN_001,HCM,SAP_ERP,ESB,Async,Success,,,,3515,SESS-0A6D2CEEE4,REQ-768D3089D063,2026-09-16 23:05:12
EVT-0003244,IF_HCMPAY_SAPFIN_001,HCM,SAP_ERP,SFTP,Batch,Success,,,,11904,SESS-F88905B08C,REQ-9AC0075111AA,2026-09-15 11:36:37
EVT-0003261,IF_HCMWM_SAPFIN_001,HCM,SAP_ERP,ESB,Async,Retry,NET_CONN_003,Connection reset by peer,Network,14115,SESS-209B1B3BEF,REQ-4AE29CD4D7E1,2026-09-15 06:14:55
EVT-0003277,IF_HCMPAY_SAPFIN_001,HCM,SAP_ERP,SFTP,Batch,Success,,,,12318,SESS-5D173201F1,REQ-EDAAE6FBDDC7,2026-09-14 15:20:03
EVT-0003290,IF_HCMWM_SAPFIN_001,HCM,SAP_ERP,ESB,Async,Retry,AUTHZ_403,Caller is not authorized,Authorization,17357,SESS-4AF0945807,REQ-517E050A49DC,2026-09-12 06:09:52
EVT-0003296,IF_HCMWM_SAPFIN_001,HCM,SAP_ERP,ESB,Async,Retry,CFG_017,Interface configuration mismatch,Configuration,8422,SESS-53AC1D1554,REQ-DD4ACFA48630,2026-09-11 19:31:48
EVT-0003306,IF_HCMWM_SAPFIN_001,HCM,SAP_ERP,ESB,Async,Success,,,,4017,SESS-AA5FE821C4,REQ-5D20D9D05DAA,2026-09-10 08:50:50
EVT-0003308,IF_HCMPAY_SAPFIN_001,HCM,SAP_ERP,SFTP,Batch,Success,,,,17368,SESS-5B5FDA4A6B,REQ-4C21D53A6A1D,2026-09-12 02:27:26
EVT-0003313,IF_HCMPAY_SAPFIN_001,HCM,SAP_ERP,SFTP,Batch,Success,,,,9788,SESS-1214CE2504,REQ-5C7512BE27CB,2026-09-14 18:15:53
EVT-0003341,IF_HCMWM_SAPFIN_001,HCM,SAP_ERP,ESB,Async,Success,,,,4019,SESS-105BAFE810,REQ-6101988AAA0E,2026-09-13 09:22:22
EVT-0003368,IF_HCMWM_SAPFIN_001,HCM,SAP_ERP,ESB,Async,Success,,,,3592,SESS-7512DE8497,REQ-391DFAA2EBAC,2026-09-16 17:38:42
EVT-0003389,IF_HCMWM_SAPFIN_001,HCM,SAP_ERP,ESB,Async,Success,,,,5499,SESS-E2AEAE5708,REQ-8D41D87C9B01,2026-09-14 20:12:41
EVT-0003412,IF_HCMWM_SAPFIN_001,HCM,SAP_ERP,ESB,Async,Success,,,,4630,SESS-54018532C2,REQ-91719E1B368E,2026-09-11 17:51:17
EVT-0003415,IF_HCMWM_SAPFIN_001,HCM,SAP_ERP,ESB,Async,Success,,,,6789,SESS-E19A646FDC,REQ-C500CC8C391F,2026-09-14 22:43:27
EVT-0003420,IF_HCMPAY_SAPFIN_001,HCM,SAP_ERP,SFTP,Batch,Success,,,,18349,SESS-792CA6376B,REQ-6217DB098829,2026-09-10 21:02:52
EVT-0003442,IF_HCMPAY_SAPFIN_001,HCM,SAP_ERP,SFTP,Batch,Success,,,,11269,SESS-D877ED5C07,REQ-F6A68072635F,2026-09-10 00:56:33
EVT-0003467,IF_HCMWM_SAPFIN_001,HCM,SAP_ERP,ESB,Async,Success,,,,4154,SESS-5B810B2B61,REQ-174F3DF87ABD,2026-09-12 03:50:34
EVT-0003482,IF_HCMPAY_SAPFIN_001,HCM,SAP_ERP,SFTP,Batch,Retry,VAL_400,Required business field failed validation,Validation,45900,SESS-5212B1D236,REQ-D67263C5D0F7,2026-09-13 01:05:07
EVT-0003490,IF_HCMPAY_SAPFIN_001,HCM,SAP_ERP,SFTP,Batch,Success,,,,13662,SESS-6547B3ACCF,REQ-BBB0819EBBDD,2026-09-12 06:00:54
EVT-0003498,IF_HCMWM_SAPFIN_001,HCM,SAP_ERP,ESB,Async,Success,,,,3451,SESS-2C4D69BF2C,REQ-34C78A9FA339,2026-09-12 00:28:54
EVT-0003501,IF_HCMPAY_SAPFIN_001,HCM,SAP_ERP,SFTP,Batch,Success,,,,15370,SESS-A70A7C56D6,REQ-C9191FCB1477,2026-09-15 07:02:27
EVT-0003543,IF_HCMPAY_SAPFIN_001,HCM,SAP_ERP,SFTP,Batch,Success,,,,14981,SESS-288BD2BBE8,REQ-0FB19DF41E80,2026-09-10 17:02:32
EVT-0003544,IF_HCMWM_SAPFIN_001,HCM,SAP_ERP,ESB,Async,Success,,,,3610,SESS-A579390AA5,REQ-7621AAB4CDB3,2026-09-14 02:14:41
EVT-0003547,IF_HCMWM_SAPFIN_001,HCM,SAP_ERP,ESB,Async,Success,,,,4352,SESS-F075A707A3,REQ-EAE8808D4A7C,2026-09-11 12:22:08
EVT-0003549,IF_HCMPAY_SAPFIN_001,HCM,SAP_ERP,SFTP,Batch,Success,,,,18786,SESS-B40991FCCC,REQ-02DEBD75D649,2026-09-15 17:45:25
EVT-0003567,IF_HCMPAY_SAPFIN_001,HCM,SAP_ERP,SFTP,Batch,Success,,,,16887,SESS-6ECF0B604C,REQ-0B4090BB9D11,2026-09-16 21:13:09
EVT-0003568,IF_HCMPAY_SAPFIN_001,HCM,SAP_ERP,SFTP,Batch,Success,,,,17560,SESS-E793C612DF,REQ-2F928AF2879A,2026-09-15 01:01:30
EVT-0003571,IF_HCMPAY_SAPFIN_001,HCM,SAP_ERP,SFTP,Batch,Success,,,,16028,SESS-C6E3EE44C1,REQ-14E89D759D98,2026-09-11 04:36:37
EVT-0003574,IF_HCMPAY_SAPFIN_001,HCM,SAP_ERP,SFTP,Batch,Success,,,,16898,SESS-9D83C9BD2B,REQ-7821EC936922,2026-09-11 23:12:44
EVT-0003588,IF_HCMWM_SAPFIN_001,HCM,SAP_ERP,ESB,Async,Success,,,,6515,SESS-2BBDCBF9B6,REQ-722702A27700,2026-09-16 06:19:37
EVT-0003601,IF_HCMWM_SAPFIN_001,HCM,SAP_ERP,ESB,Async,Success,,,,4162,SESS-1E3238DF24,REQ-569B56ED0A9C,2026-09-11 22:21:46
EVT-0003634,IF_HCMWM_SAPFIN_001,HCM,SAP_ERP,ESB,Async,Success,,,,4425,SESS-D6EB321C83,REQ-FA875F41B7C0,2026-09-13 08:58:44
EVT-0003644,IF_HCMPAY_SAPFIN_001,HCM,SAP_ERP,SFTP,Batch,Success,,,,15710,SESS-CFE095DF1B,REQ-8977F10856A6,2026-09-16 07:57:55
EVT-0003646,IF_HCMPAY_SAPFIN_001,HCM,SAP_ERP,SFTP,Batch,Success,,,,11400,SESS-A432EA6048,REQ-22EBD1F7154E,2026-09-14 21:02:08
EVT-0003666,IF_HCMPAY_SAPFIN_001,HCM,SAP_ERP,SFTP,Batch,Success,,,,10011,SESS-8D1F27351A,REQ-3EF12A928804,2026-09-13 19:59:58
EVT-0003679,IF_HCMPAY_SAPFIN_001,HCM,SAP_ERP,SFTP,Batch,Success,,,,11308,SESS-9894AFF65B,REQ-97CDE816BFCB,2026-09-14 08:34:15
EVT-0003681,IF_HCMWM_SAPFIN_001,HCM,SAP_ERP,ESB,Async,Retry,EXT_502,Downstream service returned 502,External Service,13590,SESS-B23D8EBF89,REQ-69B4E6A2BB40,2026-09-10 16:55:37
EVT-0003749,IF_HCMPAY_SAPFIN_001,HCM,SAP_ERP,SFTP,Batch,Success,,,,15498,SESS-46554F7E22,REQ-984DB8E15CAB,2026-09-12 19:10:31
EVT-0003755,IF_HCMPAY_SAPFIN_001,HCM,SAP_ERP,SFTP,Batch,Success,,,,9914,SESS-9A94481F5E,REQ-CC9D2E0570CA,2026-09-15 01:23:20
EVT-0003768,IF_HCMPAY_SAPFIN_001,HCM,SAP_ERP,SFTP,Batch,Success,,,,15029,SESS-3E610C7F18,REQ-CFC49777F342,2026-09-10 20:48:17
EVT-0003784,IF_HCMPAY_SAPFIN_001,HCM,SAP_ERP,SFTP,Batch,Success,,,,11588,SESS-81EEBABAEA,REQ-6FD3688CA99E,2026-09-15 17:28:37
EVT-0003816,IF_HCMPAY_SAPFIN_001,HCM,SAP_ERP,SFTP,Batch,Success,,,,15185,SESS-2BD49634C6,REQ-10CBBB3D0B5D,2026-09-14 05:24:07
EVT-0003842,IF_HCMPAY_SAPFIN_001,HCM,SAP_ERP,SFTP,Batch,Success,,,,13755,SESS-C8F0BCCAAA,REQ-F405ADA132D3,2026-09-13 14:10:27
EVT-0003844,IF_HCMWM_SAPFIN_001,HCM,SAP_ERP,ESB,Async,Retry,INFRA_008,Runtime node unavailable,Infrastructure,8717,SESS-39E0CCC178,REQ-8C2199E231E7,2026-09-11 20:23:33
EVT-0003861,IF_HCMPAY_SAPFIN_001,HCM,SAP_ERP,SFTP,Batch,Success,,,,15345,SESS-C3F83D0919,REQ-FA28E169AAC3,2026-09-10 11:36:02
EVT-0003894,IF_HCMPAY_SAPFIN_001,HCM,SAP_ERP,SFTP,Batch,Success,,,,13452,SESS-5A5E2249B0,REQ-E29C8AE06E96,2026-09-13 21:22:27
EVT-0003897,IF_HCMWM_SAPFIN_001,HCM,SAP_ERP,ESB,Async,Success,,,,5119,SESS-89365196EE,REQ-56BA38E72980,2026-09-16 04:48:54
EVT-0003932,IF_HCMWM_SAPFIN_001,HCM,SAP_ERP,ESB,Async,Success,,,,4212,SESS-08D56637A3,REQ-04CD160B2745,2026-09-16 17:28:55
EVT-0003942,IF_HCMWM_SAPFIN_001,HCM,SAP_ERP,ESB,Async,Success,,,,4730,SESS-05117F3273,REQ-DCBA9EC1566F,2026-09-13 04:31:51
EVT-0003943,IF_HCMWM_SAPFIN_001,HCM,SAP_ERP,ESB,Async,Success,,,,3762,SESS-FF05E1DA5E,REQ-90982A853339,2026-09-12 03:46:36
EVT-0003958,IF_HCMPAY_SAPFIN_001,HCM,SAP_ERP,SFTP,Batch,Success,,,,11047,SESS-780299C983,REQ-3DD3E26AC60D,2026-09-14 21:41:05
EVT-0004010,IF_HCMWM_SAPFIN_001,HCM,SAP_ERP,ESB,Async,Success,,,,3709,SESS-DA8C808FA8,REQ-2A762BCA2989,2026-09-12 05:41:45
EVT-0004024,IF_HCMPAY_SAPFIN_001,HCM,SAP_ERP,SFTP,Batch,Success,,,,14582,SESS-21CEE217FA,REQ-33DE8079F829,2026-09-13 16:44:57
EVT-0004049,IF_HCMWM_SAPFIN_001,HCM,SAP_ERP,ESB,Async,Retry,AUTH_401,Service credential rejected,Authentication,13553,SESS-D972D31B8E,REQ-8BF89B5D8872,2026-09-12 15:01:25
EVT-0004068,IF_HCMPAY_SAPFIN_001,HCM,SAP_ERP,SFTP,Batch,Success,,,,17927,SESS-176F957692,REQ-D21353C728EB,2026-09-11 10:21:00
EVT-0004097,IF_HCMWM_SAPFIN_001,HCM,SAP_ERP,ESB,Async,Success,,,,4076,SESS-58E282FFDE,REQ-5448B6A21B66,2026-09-13 13:42:48
EVT-0004111,IF_HCMWM_SAPFIN_001,HCM,SAP_ERP,ESB,Async,Success,,,,5384,SESS-7A580B2F0B,REQ-FBA3B4DC6F1C,2026-09-10 02:46:55
EVT-0004114,IF_HCMWM_SAPFIN_001,HCM,SAP_ERP,ESB,Async,Success,,,,3827,SESS-1F9D16D7F2,REQ-80AF6EA01D75,2026-09-11 17:08:50
EVT-0004117,IF_HCMPAY_SAPFIN_001,HCM,SAP_ERP,SFTP,Batch,Success,,,,10016,SESS-F1FD57455F,REQ-0EA75D5C88EC,2026-09-10 19:40:46
EVT-0004121,IF_HCMPAY_SAPFIN_001,HCM,SAP_ERP,SFTP,Batch,Success,,,,18277,SESS-861CDFE442,REQ-C296A4835C00,2026-09-14 04:08:50
EVT-0004127,IF_HCMPAY_SAPFIN_001,HCM,SAP_ERP,SFTP,Batch,Failed,TIME_004,Downstream response exceeded SLA,Timeout,84848,SESS-80382D9D00,REQ-05F31DDDA6F5,2026-09-11 20:25:35
EVT-0004148,IF_HCMWM_SAPFIN_001,HCM,SAP_ERP,ESB,Async,Success,,,,4974,SESS-2A5A569131,REQ-49FABD64C87B,2026-09-13 23:46:51
EVT-0004158,IF_HCMWM_SAPFIN_001,HCM,SAP_ERP,ESB,Async,Success,,,,5136,SESS-AC6FEFEB83,REQ-D87D1BCE56C9,2026-09-15 06:30:33
EVT-0004193,IF_HCMWM_SAPFIN_001,HCM,SAP_ERP,ESB,Async,Success,,,,5168,SESS-7548623E02,REQ-4558C4B5A8D3,2026-09-11 16:38:21
EVT-0004217,IF_HCMPAY_SAPFIN_001,HCM,SAP_ERP,SFTP,Batch,Retry,VAL_400,Required business field failed validation,Validation,46391,SESS-DF64B4DDA4,REQ-317E0DE885DA,2026-09-15 20:13:39
EVT-0004224,IF_HCMWM_SAPFIN_001,HCM,SAP_ERP,ESB,Async,Success,,,,3994,SESS-2CE3A5A097,REQ-0D6CB41131C3,2026-09-16 16:20:18
EVT-0004241,IF_HCMWM_SAPFIN_001,HCM,SAP_ERP,ESB,Async,Success,,,,3646,SESS-6A8CB9E2D3,REQ-464B7073FDB6,2026-09-13 17:42:48
EVT-0004260,IF_HCMPAY_SAPFIN_001,HCM,SAP_ERP,SFTP,Batch,Success,,,,14189,SESS-9C1D07D3B3,REQ-A9CFE91C79CF,2026-09-15 19:18:49
EVT-0004270,IF_HCMWM_SAPFIN_001,HCM,SAP_ERP,ESB,Async,Success,,,,4886,SESS-5CEECB7A5C,REQ-D88DD3C5E69E,2026-09-10 10:33:20
EVT-0004275,IF_HCMWM_SAPFIN_001,HCM,SAP_ERP,ESB,Async,Success,,,,3275,SESS-B2968A944B,REQ-CB3C9F76312C,2026-09-10 01:11:54
EVT-0004301,IF_HCMWM_SAPFIN_001,HCM,SAP_ERP,ESB,Async,Success,,,,4190,SESS-66B91DFC82,REQ-F3DB50392F27,2026-09-11 14:11:53
EVT-0004304,IF_HCMWM_SAPFIN_001,HCM,SAP_ERP,ESB,Async,Success,,,,3971,SESS-2682EAC542,REQ-4978C558B516,2026-09-11 01:57:00
EVT-0004315,IF_HCMPAY_SAPFIN_001,HCM,SAP_ERP,SFTP,Batch,Success,,,,13477,SESS-8C54F84C49,REQ-1AD3605C2393,2026-09-14 21:26:04
EVT-0004320,IF_HCMPAY_SAPFIN_001,HCM,SAP_ERP,SFTP,Batch,Retry,DB_COMMIT_014,Transaction commit failed,Database,30225,SESS-AC061C2AC9,REQ-4FEF535D0E77,2026-09-10 13:42:17
EVT-0004331,IF_HCMPAY_SAPFIN_001,HCM,SAP_ERP,SFTP,Batch,Success,,,,11963,SESS-88CE9FA78C,REQ-FB8C958B1C16,2026-09-10 00:05:40
EVT-0004333,IF_HCMWM_SAPFIN_001,HCM,SAP_ERP,ESB,Async,Retry,AUTHZ_403,Caller is not authorized,Authorization,14883,SESS-E32E153964,REQ-0750523F87E1,2026-09-11 00:07:50
EVT-0004339,IF_HCMPAY_SAPFIN_001,HCM,SAP_ERP,SFTP,Batch,Success,,,,14418,SESS-CA60D04330,REQ-A99BAF595823,2026-09-15 19:48:51
EVT-0004362,IF_HCMWM_SAPFIN_001,HCM,SAP_ERP,ESB,Async,Success,,,,4434,SESS-9BA9AFF8DC,REQ-7B96223AF2EE,2026-09-11 13:01:20
EVT-0004366,IF_HCMPAY_SAPFIN_001,HCM,SAP_ERP,SFTP,Batch,Success,,,,13024,SESS-87F48D3850,REQ-E4B381AC82D5,2026-09-10 07:58:53
EVT-0004367,IF_HCMPAY_SAPFIN_001,HCM,SAP_ERP,SFTP,Batch,Success,,,,19113,SESS-1A0CC719D7,REQ-0D1C5B39FD79,2026-09-16 14:08:39
EVT-0004377,IF_HCMPAY_SAPFIN_001,HCM,SAP_ERP,SFTP,Batch,Success,,,,13100,SESS-25B6E13836,REQ-86BDDA3352B4,2026-09-13 04:38:47
EVT-0004378,IF_HCMPAY_SAPFIN_001,HCM,SAP_ERP,SFTP,Batch,Success,,,,15302,SESS-6CF4C0D015,REQ-31EEB4723F74,2026-09-16 12:17:08
EVT-0004402,IF_HCMPAY_SAPFIN_001,HCM,SAP_ERP,SFTP,Batch,Success,,,,11554,SESS-6D9AE43E03,REQ-8CF9D961CA17,2026-09-16 23:35:10
EVT-0004414,IF_HCMWM_SAPFIN_001,HCM,SAP_ERP,ESB,Async,Success,,,,5371,SESS-5599D4EDAF,REQ-C523E02433B4,2026-09-15 10:22:36
EVT-0004424,IF_HCMWM_SAPFIN_001,HCM,SAP_ERP,ESB,Async,Success,,,,3734,SESS-13BD759D2C,REQ-FE31E07BA5C1,2026-09-12 06:48:09
EVT-0004429,IF_HCMWM_SAPFIN_001,HCM,SAP_ERP,ESB,Async,Success,,,,5296,SESS-9A65D334C5,REQ-8EB3B75E175C,2026-09-13 20:48:17
EVT-0004450,IF_HCMWM_SAPFIN_001,HCM,SAP_ERP,ESB,Async,Retry,INFRA_008,Runtime node unavailable,Infrastructure,17550,SESS-C2D7855652,REQ-791538F130EC,2026-09-12 22:59:27
EVT-0004456,IF_HCMWM_SAPFIN_001,HCM,SAP_ERP,ESB,Async,Success,,,,4410,SESS-DB0D07AC65,REQ-08ABDC453D4A,2026-09-12 17:07:28
EVT-0004471,IF_HCMPAY_SAPFIN_001,HCM,SAP_ERP,SFTP,Batch,Success,,,,8772,SESS-CBABEE7606,REQ-45FF583BC124,2026-09-12 09:41:28
EVT-0004482,IF_HCMWM_SAPFIN_001,HCM,SAP_ERP,ESB,Async,Success,,,,3669,SESS-BC0132ACC3,REQ-A48CFDD0298D,2026-09-16 21:22:29
EVT-0004503,IF_HCMPAY_SAPFIN_001,HCM,SAP_ERP,SFTP,Batch,Success,,,,10015,SESS-F91C67956F,REQ-E6DA859FDA69,2026-09-15 00:36:47
EVT-0004510,IF_HCMPAY_SAPFIN_001,HCM,SAP_ERP,SFTP,Batch,Retry,AUTH_401,Service credential rejected,Authentication,41749,SESS-34AE6AB629,REQ-9BBA86A51084,2026-09-13 17:39:28
EVT-0004538,IF_HCMWM_SAPFIN_001,HCM,SAP_ERP,ESB,Async,Failed,INFRA_008,Runtime node unavailable,Infrastructure,8888,SESS-A2991F3D6C,REQ-9CF802039AE0,2026-09-15 00:44:50
EVT-0004610,IF_HCMWM_SAPFIN_001,HCM,SAP_ERP,ESB,Async,Success,,,,4204,SESS-AF59DA53AB,REQ-60CBF8B7F6CA,2026-09-16 12:41:17
EVT-0004654,IF_HCMPAY_SAPFIN_001,HCM,SAP_ERP,SFTP,Batch,Success,,,,16532,SESS-B8B6D7557B,REQ-328E8763FE41,2026-09-11 01:55:45
EVT-0004663,IF_HCMWM_SAPFIN_001,HCM,SAP_ERP,ESB,Async,Success,,,,3646,SESS-FD64D9FFD4,REQ-9EBE570C5D79,2026-09-10 04:20:04
EVT-0004678,IF_HCMWM_SAPFIN_001,HCM,SAP_ERP,ESB,Async,Success,,,,5257,SESS-6EB81ED911,REQ-4B67BDFB1D77,2026-09-10 00:03:41
EVT-0004696,IF_HCMWM_SAPFIN_001,HCM,SAP_ERP,ESB,Async,Success,,,,3513,SESS-555F584CE9,REQ-9301BA6BD5E1,2026-09-16 17:19:27
EVT-0004707,IF_HCMPAY_SAPFIN_001,HCM,SAP_ERP,SFTP,Batch,Success,,,,14442,SESS-3E6CD5BED4,REQ-024B72262639,2026-09-15 09:23:15
EVT-0004724,IF_HCMWM_SAPFIN_001,HCM,SAP_ERP,ESB,Async,Success,,,,5215,SESS-F233906C28,REQ-3E22DCEA66EF,2026-09-11 20:07:16
EVT-0004728,IF_HCMWM_SAPFIN_001,HCM,SAP_ERP,ESB,Async,Success,,,,4262,SESS-23C59A2549,REQ-DBB7E6003AB8,2026-09-10 03:44:32
EVT-0004757,IF_HCMWM_SAPFIN_001,HCM,SAP_ERP,ESB,Async,Success,,,,5159,SESS-C0330FC052,REQ-9DCA95589771,2026-09-13 19:13:51
EVT-0004766,IF_HCMPAY_SAPFIN_001,HCM,SAP_ERP,SFTP,Batch,Success,,,,17785,SESS-9FD402278C,REQ-6A2F8004106C,2026-09-14 11:38:36
EVT-0004769,IF_HCMWM_SAPFIN_001,HCM,SAP_ERP,ESB,Async,Success,,,,3349,SESS-E42C8396FD,REQ-7E60B9549FEB,2026-09-12 13:41:24
EVT-0004809,IF_HCMWM_SAPFIN_001,HCM,SAP_ERP,ESB,Async,Success,,,,4425,SESS-95D5B67302,REQ-2155C8C7E506,2026-09-10 06:01:46
EVT-0004830,IF_HCMWM_SAPFIN_001,HCM,SAP_ERP,ESB,Async,Success,,,,4700,SESS-DAABE8E861,REQ-C97130D4D1FB,2026-09-14 07:09:04
EVT-0004836,IF_HCMPAY_SAPFIN_001,HCM,SAP_ERP,SFTP,Batch,Success,,,,9127,SESS-8AD219EDB1,REQ-9C4DB840A0B8,2026-09-15 16:35:37
EVT-0004846,IF_HCMPAY_SAPFIN_001,HCM,SAP_ERP,SFTP,Batch,Success,,,,14606,SESS-7FFF4061BB,REQ-1695307BABDF,2026-09-12 23:56:38
EVT-0004851,IF_HCMPAY_SAPFIN_001,HCM,SAP_ERP,SFTP,Batch,Success,,,,18241,SESS-46F9DD8B74,REQ-5A85874B1227,2026-09-13 06:32:22
EVT-0004864,IF_HCMWM_SAPFIN_001,HCM,SAP_ERP,ESB,Async,Success,,,,3588,SESS-844BC24637,REQ-AE628357E150,2026-09-14 05:50:15
EVT-0004871,IF_HCMPAY_SAPFIN_001,HCM,SAP_ERP,SFTP,Batch,Failed,AUTHZ_403,Caller is not authorized,Authorization,63648,SESS-78C338AB5F,REQ-A0FA9D33F667,2026-09-16 12:06:47
EVT-0004905,IF_HCMPAY_SAPFIN_001,HCM,SAP_ERP,SFTP,Batch,Success,,,,15072,SESS-6EE2FCA233,REQ-F692104FEE7B,2026-09-16 14:54:50
EVT-0004955,IF_HCMWM_SAPFIN_001,HCM,SAP_ERP,ESB,Async,Success,,,,4180,SESS-F0059A7D18,REQ-1694BA55F398,2026-09-13 09:03:16
EVT-0004960,IF_HCMPAY_SAPFIN_001,HCM,SAP_ERP,SFTP,Batch,Success,,,,16260,SESS-BDACBFD35F,REQ-C6BFBC2F49E2,2026-09-12 13:31:28
EVT-0004971,IF_HCMWM_SAPFIN_001,HCM,SAP_ERP,ESB,Async,Success,,,,4119,SESS-C8827707FF,REQ-4F4F2DBCAE36,2026-09-15 04:48:17
EVT-0004972,IF_HCMPAY_SAPFIN_001,HCM,SAP_ERP,SFTP,Batch,Failed,TIME_004,Downstream response exceeded SLA,Timeout,25250,SESS-66F565F75F,REQ-9EABC800F2E6,2026-09-13 20:11:51
EVT-0005012,IF_HCMPAY_SAPFIN_001,HCM,SAP_ERP,SFTP,Batch,Success,,,,16085,SESS-F698D6137C,REQ-2B1D21F7A347,2026-09-12 05:47:04
EVT-0005019,IF_HCMWM_SAPFIN_001,HCM,SAP_ERP,ESB,Async,Success,,,,3883,SESS-637DC309D4,REQ-35C53672A3B5,2026-09-10 00:13:03
EVT-0005020,IF_HCMPAY_SAPFIN_001,HCM,SAP_ERP,SFTP,Batch,Success,,,,10453,SESS-32D482D1EE,REQ-D3517F57C0F8,2026-09-13 11:10:11
EVT-0005026,IF_HCMPAY_SAPFIN_001,HCM,SAP_ERP,SFTP,Batch,Success,,,,12912,SESS-679F092977,REQ-B3A7EC8616AA,2026-09-12 06:36:15
EVT-0005048,IF_HCMWM_SAPFIN_001,HCM,SAP_ERP,ESB,Async,Success,,,,3259,SESS-51DB384D8F,REQ-E52CDCD476DC,2026-09-10 05:39:36
EVT-0005050,IF_HCMWM_SAPFIN_001,HCM,SAP_ERP,ESB,Async,Success,,,,2092,SESS-377D9B5D41,REQ-4CED20F5B677,2026-09-16 04:43:51
EVT-0005062,IF_HCMPAY_SAPFIN_001,HCM,SAP_ERP,SFTP,Batch,Success,,,,17691,SESS-08233565A4,REQ-52CEABCF79D9,2026-09-16 05:14:55
EVT-0005068,IF_HCMPAY_SAPFIN_001,HCM,SAP_ERP,SFTP,Batch,Success,,,,15872,SESS-3067238E00,REQ-9525BCDD2787,2026-09-11 20:57:33
EVT-0005069,IF_HCMWM_SAPFIN_001,HCM,SAP_ERP,ESB,Async,Success,,,,3695,SESS-C39B992A87,REQ-20FF51694CBA,2026-09-13 10:19:33
EVT-0005087,IF_HCMWM_SAPFIN_001,HCM,SAP_ERP,ESB,Async,Success,,,,5513,SESS-421E6071AA,REQ-9907E4DD7872,2026-09-11 20:57:22
EVT-0005095,IF_HCMPAY_SAPFIN_001,HCM,SAP_ERP,SFTP,Batch,Success,,,,4402,SESS-A0085F9959,REQ-FB34A42CA1FE,2026-09-15 13:46:00
EVT-0005127,IF_HCMWM_SAPFIN_001,HCM,SAP_ERP,ESB,Async,Success,,,,5382,SESS-0A3C7ECBAF,REQ-E7A0407B4230,2026-09-10 04:24:00
EVT-0005139,IF_HCMWM_SAPFIN_001,HCM,SAP_ERP,ESB,Async,Retry,EXT_502,Downstream service returned 502,External Service,14479,SESS-8708086E93,REQ-07E65C8E84EF,2026-09-12 10:01:55
EVT-0005145,IF_HCMPAY_SAPFIN_001,HCM,SAP_ERP,SFTP,Batch,Success,,,,14073,SESS-F5DC41C69C,REQ-E8CDE1B60848,2026-09-16 05:21:47
EVT-0005176,IF_HCMWM_SAPFIN_001,HCM,SAP_ERP,ESB,Async,Retry,EXT_502,Downstream service returned 502,External Service,15766,SESS-7DBB55E070,REQ-B0ECC8E1206B,2026-09-11 09:53:25
EVT-0005204,IF_HCMWM_SAPFIN_001,HCM,SAP_ERP,ESB,Async,Success,,,,3732,SESS-D32DADFB53,REQ-9741E008CC45,2026-09-13 06:42:24
EVT-0005220,IF_HCMPAY_SAPFIN_001,HCM,SAP_ERP,SFTP,Batch,Success,,,,7316,SESS-C17AE26748,REQ-BAE2C933DD16,2026-09-11 03:03:11
EVT-0005225,IF_HCMWM_SAPFIN_001,HCM,SAP_ERP,ESB,Async,Success,,,,4331,SESS-3098056CBC,REQ-BAAAA47A6467,2026-09-11 02:29:18
EVT-0005240,IF_HCMPAY_SAPFIN_001,HCM,SAP_ERP,SFTP,Batch,Success,,,,9273,SESS-EDE45CF1D9,REQ-E78B82DC9BBF,2026-09-14 03:47:27
EVT-0005249,IF_HCMWM_SAPFIN_001,HCM,SAP_ERP,ESB,Async,Success,,,,2670,SESS-E85DE6F39D,REQ-0346044967B3,2026-09-11 15:00:51
EVT-0005267,IF_HCMPAY_SAPFIN_001,HCM,SAP_ERP,SFTP,Batch,Success,,,,17478,SESS-990051F4A0,REQ-B99B40BA665C,2026-09-12 06:11:42
EVT-0005272,IF_HCMPAY_SAPFIN_001,HCM,SAP_ERP,SFTP,Batch,Success,,,,11074,SESS-C39E385CFC,REQ-D57E97CB425B,2026-09-14 18:57:26
EVT-0005307,IF_HCMPAY_SAPFIN_001,HCM,SAP_ERP,SFTP,Batch,Success,,,,16375,SESS-B791D39B57,REQ-74CF8A0CFB78,2026-09-12 09:28:23
EVT-0005313,IF_HCMWM_SAPFIN_001,HCM,SAP_ERP,ESB,Async,Success,,,,2808,SESS-ED466FC58C,REQ-A94B5E553B87,2026-09-15 21:10:34
EVT-0005330,IF_HCMWM_SAPFIN_001,HCM,SAP_ERP,ESB,Async,Success,,,,3212,SESS-A2E9E8E97F,REQ-F9F6A18474FE,2026-09-11 22:13:53
EVT-0005346,IF_HCMWM_SAPFIN_001,HCM,SAP_ERP,ESB,Async,Success,,,,4230,SESS-39C719F2EF,REQ-2A138A541628,2026-09-16 08:50:19
EVT-0005349,IF_HCMPAY_SAPFIN_001,HCM,SAP_ERP,SFTP,Batch,Failed,NET_CONN_003,Connection reset by peer,Network,60742,SESS-86F67EEEAE,REQ-13DB861BAF57,2026-09-14 09:47:27
EVT-0005355,IF_HCMPAY_SAPFIN_001,HCM,SAP_ERP,SFTP,Batch,Success,,,,15664,SESS-F59D71CE9B,REQ-3EAAE08F1E4F,2026-09-15 22:11:39
EVT-0005384,IF_HCMPAY_SAPFIN_001,HCM,SAP_ERP,SFTP,Batch,Retry,INFRA_008,Runtime node unavailable,Infrastructure,44150,SESS-2BC70DE4B5,REQ-84375908CB8B,2026-09-11 11:51:03
EVT-0005438,IF_HCMWM_SAPFIN_001,HCM,SAP_ERP,ESB,Async,Retry,INFRA_008,Runtime node unavailable,Infrastructure,9678,SESS-D71D7358AC,REQ-C96ED8D435FD,2026-09-13 18:19:29
EVT-0005439,IF_HCMWM_SAPFIN_001,HCM,SAP_ERP,ESB,Async,Success,,,,4316,SESS-04F619E693,REQ-0C07F478463A,2026-09-10 01:19:58
EVT-0005441,IF_HCMWM_SAPFIN_001,HCM,SAP_ERP,ESB,Async,Success,,,,3886,SESS-E65F7B94E4,REQ-C4C8B1D69305,2026-09-12 08:41:41
EVT-0005461,IF_HCMWM_SAPFIN_001,HCM,SAP_ERP,ESB,Async,Success,,,,4698,SESS-A3D55E77CF,REQ-290D49003061,2026-09-14 12:47:52
EVT-0005462,IF_HCMWM_SAPFIN_001,HCM,SAP_ERP,ESB,Async,Success,,,,2696,SESS-7CC279CF6F,REQ-60EE5EFBD969,2026-09-10 13:03:43
EVT-0005477,IF_HCMWM_SAPFIN_001,HCM,SAP_ERP,ESB,Async,Success,,,,4785,SESS-64E4380A97,REQ-195F1B9740B5,2026-09-14 20:56:13
EVT-0005498,IF_HCMWM_SAPFIN_001,HCM,SAP_ERP,ESB,Async,Success,,,,4864,SESS-805FB01EE6,REQ-C62BD3484A07,2026-09-10 05:25:05
EVT-0005510,IF_HCMPAY_SAPFIN_001,HCM,SAP_ERP,SFTP,Batch,Success,,,,9359,SESS-78A58E3E22,REQ-A9C2E9C307A1,2026-09-10 19:25:42
EVT-0005523,IF_HCMWM_SAPFIN_001,HCM,SAP_ERP,ESB,Async,Success,,,,6262,SESS-E06F5B72B4,REQ-0B800F1706CD,2026-09-10 11:11:36
EVT-0005540,IF_HCMWM_SAPFIN_001,HCM,SAP_ERP,ESB,Async,Failed,NET_CONN_003,Connection reset by peer,Network,14566,SESS-EEEA657B54,REQ-8332EA6F37E8,2026-09-16 03:00:39
EVT-0005552,IF_HCMPAY_SAPFIN_001,HCM,SAP_ERP,SFTP,Batch,Success,,,,8142,SESS-560008721C,REQ-017A3E223D22,2026-09-15 15:56:12
EVT-0005560,IF_HCMWM_SAPFIN_001,HCM,SAP_ERP,ESB,Async,Failed,EXT_502,Downstream service returned 502,External Service,36071,SESS-11569F86F9,REQ-41A34EDCE645,2026-09-10 05:54:00
EVT-0005583,IF_HCMWM_SAPFIN_001,HCM,SAP_ERP,ESB,Async,Failed,VAL_400,Required business field failed validation,Validation,7269,SESS-8849E34296,REQ-F506DE8CF375,2026-09-14 10:36:43
EVT-0005586,IF_HCMPAY_SAPFIN_001,HCM,SAP_ERP,SFTP,Batch,Success,,,,18129,SESS-BE3E267CEF,REQ-A8C6D772421B,2026-09-11 15:16:28
EVT-0005597,IF_HCMWM_SAPFIN_001,HCM,SAP_ERP,ESB,Async,Success,,,,3224,SESS-98BAA31BF5,REQ-085A0B4B7D64,2026-09-13 09:19:04
EVT-0005640,IF_HCMWM_SAPFIN_001,HCM,SAP_ERP,ESB,Async,Success,,,,3508,SESS-F191CF2630,REQ-1A4FA6C99457,2026-09-11 02:02:36
EVT-0005649,IF_HCMWM_SAPFIN_001,HCM,SAP_ERP,ESB,Async,Success,,,,2582,SESS-D91AA36361,REQ-3D66B8B6D2AA,2026-09-14 02:32:20
EVT-0005654,IF_HCMPAY_SAPFIN_001,HCM,SAP_ERP,SFTP,Batch,Success,,,,14896,SESS-590D9E3CF2,REQ-6581E31B2A2D,2026-09-14 20:12:20
EVT-0005657,IF_HCMPAY_SAPFIN_001,HCM,SAP_ERP,SFTP,Batch,Success,,,,12793,SESS-D24A24D126,REQ-62E874D37FB7,2026-09-12 17:50:17
EVT-0005691,IF_HCMWM_SAPFIN_001,HCM,SAP_ERP,ESB,Async,Success,,,,5909,SESS-BA5CDAA63A,REQ-F30827DA93B0,2026-09-11 14:52:15
EVT-0005693,IF_HCMWM_SAPFIN_001,HCM,SAP_ERP,ESB,Async,Success,,,,3382,SESS-FA57D4B80B,REQ-495DAD60C16C,2026-09-12 18:50:10
EVT-0005737,IF_HCMPAY_SAPFIN_001,HCM,SAP_ERP,SFTP,Batch,Retry,CAP_003,Downstream service is at capacity,Capacity,46590,SESS-6A65E47A1E,REQ-313FDFD9FF00,2026-09-16 06:01:14
EVT-0005750,IF_HCMPAY_SAPFIN_001,HCM,SAP_ERP,SFTP,Batch,Success,,,,8687,SESS-D2A7B371FE,REQ-810C7ABE8AE0,2026-09-14 16:36:44
EVT-0005751,IF_HCMPAY_SAPFIN_001,HCM,SAP_ERP,SFTP,Batch,Success,,,,16546,SESS-1B501282DA,REQ-7F56A1B9516F,2026-09-14 11:03:46
EVT-0005784,IF_HCMPAY_SAPFIN_001,HCM,SAP_ERP,SFTP,Batch,Success,,,,10998,SESS-383C929415,REQ-5A8C03222F06,2026-09-15 04:02:59
EVT-0005794,IF_HCMWM_SAPFIN_001,HCM,SAP_ERP,ESB,Async,Retry,TIME_004,Downstream response exceeded SLA,Timeout,17776,SESS-DB0EA061DD,REQ-B48EAA68AA20,2026-09-10 03:06:21
EVT-0005803,IF_HCMPAY_SAPFIN_001,HCM,SAP_ERP,SFTP,Batch,Success,,,,11517,SESS-C31DD1DFD8,REQ-A45F33448430,2026-09-15 23:29:30
EVT-0005804,IF_HCMWM_SAPFIN_001,HCM,SAP_ERP,ESB,Async,Success,,,,5352,SESS-302443A044,REQ-8748FF580B71,2026-09-14 01:05:39
EVT-0005807,IF_HCMWM_SAPFIN_001,HCM,SAP_ERP,ESB,Async,Success,,,,4695,SESS-2766F58091,REQ-C893A7F6959D,2026-09-11 14:37:00
EVT-0005809,IF_HCMPAY_SAPFIN_001,HCM,SAP_ERP,SFTP,Batch,Retry,TIME_004,Downstream response exceeded SLA,Timeout,22067,SESS-3DD19CDB2D,REQ-55FA589E4676,2026-09-13 02:54:20
EVT-0005833,IF_HCMPAY_SAPFIN_001,HCM,SAP_ERP,SFTP,Batch,Success,,,,16462,SESS-FD959DBD11,REQ-E1828F191064,2026-09-14 17:54:30
EVT-0005857,IF_HCMWM_SAPFIN_001,HCM,SAP_ERP,ESB,Async,Success,,,,5490,SESS-D427D845D5,REQ-DB8F0DF2A472,2026-09-10 03:08:58
EVT-0005877,IF_HCMPAY_SAPFIN_001,HCM,SAP_ERP,SFTP,Batch,Success,,,,17098,SESS-0E722961E1,REQ-38ED87EBBB59,2026-09-10 20:22:52
EVT-0005904,IF_HCMWM_SAPFIN_001,HCM,SAP_ERP,ESB,Async,Failed,DB_COMMIT_014,Transaction commit failed,Database,32246,SESS-C18D5B4F47,REQ-B17A735B9A17,2026-09-16 00:10:50
EVT-0005945,IF_HCMPAY_SAPFIN_001,HCM,SAP_ERP,SFTP,Batch,Success,,,,15316,SESS-677F8D6837,REQ-359C25E52DB5,2026-09-12 00:06:46
EVT-0005959,IF_HCMWM_SAPFIN_001,HCM,SAP_ERP,ESB,Async,Success,,,,3175,SESS-78E9E3E27F,REQ-CB09AF00E25C,2026-09-14 22:02:48
EVT-0005962,IF_HCMPAY_SAPFIN_001,HCM,SAP_ERP,SFTP,Batch,Success,,,,13062,SESS-8D130B929A,REQ-7A51F76D2E44,2026-09-12 20:34:17
EVT-0005980,IF_HCMPAY_SAPFIN_001,HCM,SAP_ERP,SFTP,Batch,Success,,,,11611,SESS-942EB32BDC,REQ-346E8D67F8B9,2026-09-12 05:27:33
EVT-0005990,IF_HCMWM_SAPFIN_001,HCM,SAP_ERP,ESB,Async,Success,,,,4821,SESS-F0B11ADAAE,REQ-BD874A5064F4,2026-09-10 15:40:10
