event_key,occurred_at,module,route_id,destination,transport,exchange,state_code,elapsed_seconds,session_ref,trace_id,fault
EVT-0000006,2026-09-12 17:21:34,PAY,IF_HCMPAY_SAPFIN_001,SAP_ERP,SFTP,Batch,1,11.077,SESS-93817EA810,REQ-078391B5B9CE,
EVT-0000012,2026-09-10 08:03:17,PAY,IF_HCMPAY_SAPFIN_001,SAP_ERP,SFTP,Batch,1,13.559,SESS-268F9F3EBB,REQ-C0BAB325F27D,
EVT-0000024,2026-09-11 14:21:27,PAY,IF_HCMPAY_SAPFIN_001,SAP_ERP,SFTP,Batch,5,47.482,SESS-3CBFB6AEF7,REQ-3A02FC9D95D4,INFRA_008|Infrastructure|Runtime node unavailable
EVT-0000030,2026-09-10 13:05:37,PAY,IF_HCMPAY_SAPFIN_001,SAP_ERP,SFTP,Batch,1,13.014,SESS-58E80A24BD,REQ-C4BF9554D38B,
EVT-0000046,2026-09-12 18:48:45,WM,IF_HCMWM_SAPFIN_001,SAP_ERP,ESB,Async,5,16.735,SESS-70D97C9B9A,REQ-0039FF92D68D,CAP_003|Capacity|Downstream service is at capacity
EVT-0000049,2026-09-16 11:06:47,PAY,IF_HCMPAY_SAPFIN_001,SAP_ERP,SFTP,Batch,1,18.367,SESS-52DA37CE47,REQ-DD95C9271DD3,
EVT-0000070,2026-09-14 03:25:20,PAY,IF_HCMPAY_SAPFIN_001,SAP_ERP,SFTP,Batch,1,13.997,SESS-8B6491819F,REQ-2D070F6FE082,
EVT-0000080,2026-09-11 23:25:02,PAY,IF_HCMPAY_SAPFIN_001,SAP_ERP,SFTP,Batch,1,15.007,SESS-A135372351,REQ-19FA6E755F7F,
EVT-0000092,2026-09-16 11:04:09,PAY,IF_HCMPAY_SAPFIN_001,SAP_ERP,SFTP,Batch,1,10.688,SESS-3A64F431E7,REQ-60144115F887,
EVT-0000094,2026-09-12 04:07:12,WM,IF_HCMWM_SAPFIN_001,SAP_ERP,ESB,Async,5,11.989,SESS-6E1D7DCCF5,REQ-E117CB0353AF,CFG_017|Configuration|Interface configuration mismatch
EVT-0000095,2026-09-14 08:19:42,PAY,IF_HCMPAY_SAPFIN_001,SAP_ERP,SFTP,Batch,1,15.188,SESS-051A2D850D,REQ-77DD759F9C2E,
EVT-0000109,2026-09-11 15:33:26,WM,IF_HCMWM_SAPFIN_001,SAP_ERP,ESB,Async,1,4.047,SESS-3D14E69E9E,REQ-8A651250C545,
EVT-0000123,2026-09-11 19:54:52,PAY,IF_HCMPAY_SAPFIN_001,SAP_ERP,SFTP,Batch,1,12.657,SESS-552C4C0C84,REQ-0364C43EB988,
EVT-0000154,2026-09-13 12:58:04,WM,IF_HCMWM_SAPFIN_001,SAP_ERP,ESB,Async,1,5.451,SESS-8AB8FFBDC0,REQ-F8BD680A2612,
EVT-0000202,2026-09-14 06:46:07,WM,IF_HCMWM_SAPFIN_001,SAP_ERP,ESB,Async,1,4.527,SESS-B0EF260FED,REQ-C9E8BE4EDC0C,
EVT-0000219,2026-09-15 20:23:39,WM,IF_HCMWM_SAPFIN_001,SAP_ERP,ESB,Async,1,4.559,SESS-6B745661C6,REQ-0DDC9EFB97CA,
EVT-0000263,2026-09-14 02:14:07,WM,IF_HCMWM_SAPFIN_001,SAP_ERP,ESB,Async,1,4.528,SESS-43F9253796,REQ-9FF72EF80F80,
EVT-0000266,2026-09-15 21:54:38,PAY,IF_HCMPAY_SAPFIN_001,SAP_ERP,SFTP,Batch,9,105.492,SESS-7838651160,REQ-490D0123536D,CAP_003|Capacity|Downstream service is at capacity
EVT-0000279,2026-09-15 20:19:37,WM,IF_HCMWM_SAPFIN_001,SAP_ERP,ESB,Async,1,5.708,SESS-0AB871EEBB,REQ-4162B59C4C12,
EVT-0000288,2026-09-11 17:17:24,PAY,IF_HCMPAY_SAPFIN_001,SAP_ERP,SFTP,Batch,5,33.97,SESS-BE796B3D67,REQ-DE183DE25687,DB_COMMIT_014|Database|Transaction commit failed
EVT-0000289,2026-09-16 20:27:40,WM,IF_HCMWM_SAPFIN_001,SAP_ERP,ESB,Async,1,4.296,SESS-93326AFCB4,REQ-F550A9F946FE,
EVT-0000298,2026-09-11 15:53:22,WM,IF_HCMWM_SAPFIN_001,SAP_ERP,ESB,Async,1,3.959,SESS-48CA6A8F2D,REQ-D710F40A6FDC,
EVT-0000342,2026-09-10 20:19:47,PAY,IF_HCMPAY_SAPFIN_001,SAP_ERP,SFTP,Batch,1,14.887,SESS-9624FE19CA,REQ-AFD62F41EA3C,
EVT-0000349,2026-09-16 20:54:21,PAY,IF_HCMPAY_SAPFIN_001,SAP_ERP,SFTP,Batch,1,13.612,SESS-8EABBE5046,REQ-B34D6E39C904,
EVT-0000353,2026-09-12 20:13:33,WM,IF_HCMWM_SAPFIN_001,SAP_ERP,ESB,Async,1,3.725,SESS-379579BC27,REQ-A7120B3DBD92,
EVT-0000367,2026-09-11 03:33:03,WM,IF_HCMWM_SAPFIN_001,SAP_ERP,ESB,Async,1,5.061,SESS-C996824E73,REQ-4CC9F9D17C9F,
EVT-0000369,2026-09-13 09:13:16,WM,IF_HCMWM_SAPFIN_001,SAP_ERP,ESB,Async,1,2.831,SESS-AA2A251B31,REQ-DF7A25A1AB70,
EVT-0000376,2026-09-12 14:55:03,WM,IF_HCMWM_SAPFIN_001,SAP_ERP,ESB,Async,1,3.127,SESS-BAC1FDBFF4,REQ-C2C3EE91208C,
EVT-0000388,2026-09-10 22:30:10,PAY,IF_HCMPAY_SAPFIN_001,SAP_ERP,SFTP,Batch,9,61.819,SESS-8032AEB34C,REQ-A12768AE6EA4,AUTH_401|Authentication|Service credential rejected
EVT-0000406,2026-09-16 17:22:33,PAY,IF_HCMPAY_SAPFIN_001,SAP_ERP,SFTP,Batch,1,20.064,SESS-7F8F263E00,REQ-6CE2112136D3,
EVT-0000407,2026-09-16 15:25:02,PAY,IF_HCMPAY_SAPFIN_001,SAP_ERP,SFTP,Batch,5,39.415,SESS-C1F6E7AB66,REQ-D4F8B1B10A32,CAP_003|Capacity|Downstream service is at capacity
EVT-0000425,2026-09-10 04:29:48,PAY,IF_HCMPAY_SAPFIN_001,SAP_ERP,SFTP,Batch,1,16.131,SESS-D4B033E036,REQ-0A38716F2618,
EVT-0000429,2026-09-10 02:25:07,PAY,IF_HCMPAY_SAPFIN_001,SAP_ERP,SFTP,Batch,1,11.688,SESS-1E00344D3B,REQ-0623A20FC62C,
EVT-0000446,2026-09-13 17:44:46,WM,IF_HCMWM_SAPFIN_001,SAP_ERP,ESB,Async,1,4.22,SESS-9595981034,REQ-BFDED132EFD1,
EVT-0000460,2026-09-12 04:24:45,PAY,IF_HCMPAY_SAPFIN_001,SAP_ERP,SFTP,Batch,1,9.842,SESS-E88D8E27EB,REQ-123BEF7AD895,
EVT-0000530,2026-09-15 06:13:16,PAY,IF_HCMPAY_SAPFIN_001,SAP_ERP,SFTP,Batch,5,44.374,SESS-3B76AE0D6B,REQ-642C7437CAAB,DB_COMMIT_014|Database|Transaction commit failed
EVT-0000554,2026-09-10 07:46:16,PAY,IF_HCMPAY_SAPFIN_001,SAP_ERP,SFTP,Batch,1,11.876,SESS-121EB1689F,REQ-D0F1E22F68B5,
EVT-0000567,2026-09-14 09:04:13,PAY,IF_HCMPAY_SAPFIN_001,SAP_ERP,SFTP,Batch,1,10.339,SESS-4735F5C151,REQ-6D70C29AB5F9,
EVT-0000568,2026-09-13 10:42:12,WM,IF_HCMWM_SAPFIN_001,SAP_ERP,ESB,Async,1,4.198,SESS-F1909F5F6C,REQ-24C8E69F4278,
EVT-0000578,2026-09-10 04:48:51,WM,IF_HCMWM_SAPFIN_001,SAP_ERP,ESB,Async,1,4.674,SESS-502DB8FC94,REQ-6000A83B6D40,
EVT-0000603,2026-09-12 21:25:16,WM,IF_HCMWM_SAPFIN_001,SAP_ERP,ESB,Async,9,17.767,SESS-1700694557,REQ-DF80B0590BF2,VAL_400|Validation|Required business field failed validation
EVT-0000608,2026-09-11 20:09:40,PAY,IF_HCMPAY_SAPFIN_001,SAP_ERP,SFTP,Batch,1,18.313,SESS-6F9BDC8973,REQ-43E1AC4EA646,
EVT-0000616,2026-09-14 16:40:20,PAY,IF_HCMPAY_SAPFIN_001,SAP_ERP,SFTP,Batch,1,16.139,SESS-F80B7B1750,REQ-5050AF168E0B,
EVT-0000624,2026-09-12 08:14:53,WM,IF_HCMWM_SAPFIN_001,SAP_ERP,ESB,Async,1,6.16,SESS-DE84ABE993,REQ-9645A5D99ACB,
EVT-0000629,2026-09-15 05:58:28,WM,IF_HCMWM_SAPFIN_001,SAP_ERP,ESB,Async,1,5.137,SESS-55B448DE70,REQ-157E32B66D5E,
EVT-0000635,2026-09-10 20:47:46,PAY,IF_HCMPAY_SAPFIN_001,SAP_ERP,SFTP,Batch,1,15.128,SESS-3429430C57,REQ-237CC2C198FE,
EVT-0000638,2026-09-14 01:55:49,WM,IF_HCMWM_SAPFIN_001,SAP_ERP,ESB,Async,9,18.983,SESS-0F83A98136,REQ-914A89B51638,DB_COMMIT_014|Database|Transaction commit failed
EVT-0000639,2026-09-14 04:24:54,PAY,IF_HCMPAY_SAPFIN_001,SAP_ERP,SFTP,Batch,1,15.502,SESS-F30E7C3C7E,REQ-0BA5A8042130,
EVT-0000673,2026-09-12 07:53:12,WM,IF_HCMWM_SAPFIN_001,SAP_ERP,ESB,Async,1,2.704,SESS-0918D54806,REQ-BB2DF238C430,
EVT-0000738,2026-09-12 10:03:44,PAY,IF_HCMPAY_SAPFIN_001,SAP_ERP,SFTP,Batch,1,10.596,SESS-B281FDF89D,REQ-B3E8A9BB6C85,
EVT-0000750,2026-09-15 07:26:49,PAY,IF_HCMPAY_SAPFIN_001,SAP_ERP,SFTP,Batch,1,9.753,SESS-3336F4EF22,REQ-B204C8BF9D25,
EVT-0000786,2026-09-10 23:39:12,WM,IF_HCMWM_SAPFIN_001,SAP_ERP,ESB,Async,1,5.133,SESS-DF7FC6A9F6,REQ-793116E608A6,
EVT-0000787,2026-09-13 08:11:46,WM,IF_HCMWM_SAPFIN_001,SAP_ERP,ESB,Async,1,6.497,SESS-6BF26A8D58,REQ-80DED8FEE6BC,
EVT-0000808,2026-09-11 01:47:13,PAY,IF_HCMPAY_SAPFIN_001,SAP_ERP,SFTP,Batch,5,29.285,SESS-EDCD2D78FB,REQ-F1F9CD80176B,INFRA_008|Infrastructure|Runtime node unavailable
EVT-0000810,2026-09-10 05:44:58,WM,IF_HCMWM_SAPFIN_001,SAP_ERP,ESB,Async,1,4.324,SESS-BC3430F4D9,REQ-9B14D4B25DC9,
EVT-0000835,2026-09-14 20:42:46,WM,IF_HCMWM_SAPFIN_001,SAP_ERP,ESB,Async,1,5.724,SESS-05BB1D6102,REQ-1923A4919B12,
EVT-0000852,2026-09-11 23:08:30,WM,IF_HCMWM_SAPFIN_001,SAP_ERP,ESB,Async,1,4.07,SESS-DAC2942AED,REQ-C91C9D5FF609,
EVT-0000883,2026-09-12 11:48:52,PAY,IF_HCMPAY_SAPFIN_001,SAP_ERP,SFTP,Batch,1,9.277,SESS-BD567CB1FD,REQ-9EFE77E737BF,
EVT-0000896,2026-09-16 02:15:58,WM,IF_HCMWM_SAPFIN_001,SAP_ERP,ESB,Async,1,3.216,SESS-471692F916,REQ-2541F627B1B4,
EVT-0000903,2026-09-16 08:35:10,PAY,IF_HCMPAY_SAPFIN_001,SAP_ERP,SFTP,Batch,5,49.04,SESS-BC74B60F6F,REQ-AB253AC8E0FE,TIME_004|Timeout|Downstream response exceeded SLA
EVT-0000952,2026-09-12 09:49:31,WM,IF_HCMWM_SAPFIN_001,SAP_ERP,ESB,Async,1,5.173,SESS-DEA7F83172,REQ-7FCB2228983D,
EVT-0000965,2026-09-14 04:59:54,WM,IF_HCMWM_SAPFIN_001,SAP_ERP,ESB,Async,1,4.188,SESS-F2B8B3CACC,REQ-E4E67E14FF77,
EVT-0000966,2026-09-13 00:58:26,WM,IF_HCMWM_SAPFIN_001,SAP_ERP,ESB,Async,1,4.542,SESS-4163707EF6,REQ-60B426103FC4,
EVT-0001001,2026-09-13 21:12:26,WM,IF_HCMWM_SAPFIN_001,SAP_ERP,ESB,Async,1,5.071,SESS-929A593649,REQ-F79039F3556F,
EVT-0001008,2026-09-11 09:58:19,PAY,IF_HCMPAY_SAPFIN_001,SAP_ERP,SFTP,Batch,1,10.76,SESS-B6F389FDA9,REQ-2A96D1EF0488,
EVT-0001019,2026-09-14 23:08:33,WM,IF_HCMWM_SAPFIN_001,SAP_ERP,ESB,Async,1,5.341,SESS-00165B1BAF,REQ-93E37195F4B2,
EVT-0001023,2026-09-12 16:48:54,WM,IF_HCMWM_SAPFIN_001,SAP_ERP,ESB,Async,1,4.901,SESS-9BEB104EF5,REQ-5F1B479AEAD9,
EVT-0001034,2026-09-13 22:12:23,PAY,IF_HCMPAY_SAPFIN_001,SAP_ERP,SFTP,Batch,5,43.511,SESS-C40D1E65AA,REQ-37350E3CA65F,CFG_017|Configuration|Interface configuration mismatch
EVT-0001068,2026-09-16 20:33:57,WM,IF_HCMWM_SAPFIN_001,SAP_ERP,ESB,Async,1,4.981,SESS-E2B10131E7,REQ-0016BC122D9D,
EVT-0001071,2026-09-11 15:04:35,PAY,IF_HCMPAY_SAPFIN_001,SAP_ERP,SFTP,Batch,1,15.422,SESS-6EB64B4734,REQ-74B53AEABDB2,
EVT-0001080,2026-09-11 22:17:35,PAY,IF_HCMPAY_SAPFIN_001,SAP_ERP,SFTP,Batch,1,11.377,SESS-64B4918C5B,REQ-28CD3D78C43E,
EVT-0001085,2026-09-13 21:08:16,PAY,IF_HCMPAY_SAPFIN_001,SAP_ERP,SFTP,Batch,1,20.604,SESS-1627D2BAA4,REQ-806EC83D9858,
EVT-0001090,2026-09-14 14:31:05,PAY,IF_HCMPAY_SAPFIN_001,SAP_ERP,SFTP,Batch,9,68.291,SESS-E6EC8158D1,REQ-1116FB6B3452,AUTHZ_403|Authorization|Caller is not authorized
EVT-0001093,2026-09-14 16:47:29,WM,IF_HCMWM_SAPFIN_001,SAP_ERP,ESB,Async,1,4.886,SESS-944E704A8F,REQ-F97EC37EEC01,
EVT-0001094,2026-09-14 18:13:01,PAY,IF_HCMPAY_SAPFIN_001,SAP_ERP,SFTP,Batch,5,36.236,SESS-0A49D0E7FB,REQ-F6B6ABD2886F,NET_CONN_003|Network|Connection reset by peer
EVT-0001102,2026-09-10 01:11:19,PAY,IF_HCMPAY_SAPFIN_001,SAP_ERP,SFTP,Batch,1,12.401,SESS-7BFF1C65C0,REQ-7DE919F7FF6B,
EVT-0001108,2026-09-11 14:16:46,PAY,IF_HCMPAY_SAPFIN_001,SAP_ERP,SFTP,Batch,1,13.4,SESS-33473B7654,REQ-79E52AFED602,
EVT-0001126,2026-09-10 10:34:01,WM,IF_HCMWM_SAPFIN_001,SAP_ERP,ESB,Async,9,32.236,SESS-7E1700ACB0,REQ-BF6C467FDB5D,AUTH_401|Authentication|Service credential rejected
EVT-0001127,2026-09-15 04:31:33,PAY,IF_HCMPAY_SAPFIN_001,SAP_ERP,SFTP,Batch,9,78.095,SESS-72E4621E3C,REQ-5A084AC79F93,AUTHZ_403|Authorization|Caller is not authorized
EVT-0001139,2026-09-15 16:11:26,WM,IF_HCMWM_SAPFIN_001,SAP_ERP,ESB,Async,1,4.141,SESS-DCCB721C45,REQ-141D0F90BB9A,
EVT-0001140,2026-09-11 05:22:42,PAY,IF_HCMPAY_SAPFIN_001,SAP_ERP,SFTP,Batch,1,12.941,SESS-87F34E1DF9,REQ-D47D8DD6D788,
EVT-0001169,2026-09-15 21:21:04,WM,IF_HCMWM_SAPFIN_001,SAP_ERP,ESB,Async,1,5.493,SESS-F470975F25,REQ-2EBA8C27123D,
EVT-0001178,2026-09-10 00:48:52,WM,IF_HCMWM_SAPFIN_001,SAP_ERP,ESB,Async,5,12.185,SESS-C175AAF2E5,REQ-1311D4852E91,VAL_400|Validation|Required business field failed validation
EVT-0001180,2026-09-10 07:35:26,PAY,IF_HCMPAY_SAPFIN_001,SAP_ERP,SFTP,Batch,1,16.021,SESS-A66BF52F5B,REQ-5B41F955D070,
EVT-0001185,2026-09-10 04:28:49,PAY,IF_HCMPAY_SAPFIN_001,SAP_ERP,SFTP,Batch,5,30.765,SESS-804EF3A0B7,REQ-4F76C5CE1F91,AUTH_401|Authentication|Service credential rejected
EVT-0001199,2026-09-11 21:30:11,WM,IF_HCMWM_SAPFIN_001,SAP_ERP,ESB,Async,1,4.129,SESS-27223A25A4,REQ-1887F4145DEB,
EVT-0001224,2026-09-15 14:23:21,PAY,IF_HCMPAY_SAPFIN_001,SAP_ERP,SFTP,Batch,5,30.287,SESS-371791C86F,REQ-9BD3F07B04B2,AUTHZ_403|Authorization|Caller is not authorized
EVT-0001242,2026-09-16 07:34:11,PAY,IF_HCMPAY_SAPFIN_001,SAP_ERP,SFTP,Batch,5,37.128,SESS-21B98B7D7D,REQ-D992E9D5D788,CFG_017|Configuration|Interface configuration mismatch
EVT-0001247,2026-09-16 03:50:14,WM,IF_HCMWM_SAPFIN_001,SAP_ERP,ESB,Async,1,6.069,SESS-8DA6EE496B,REQ-221A4F8EA563,
EVT-0001282,2026-09-10 03:54:09,WM,IF_HCMWM_SAPFIN_001,SAP_ERP,ESB,Async,1,3.789,SESS-9A6E2BFB59,REQ-27BDF804B6BF,
EVT-0001298,2026-09-16 15:01:31,WM,IF_HCMWM_SAPFIN_001,SAP_ERP,ESB,Async,1,4.062,SESS-B8E0E6F255,REQ-C14C35007B36,
EVT-0001299,2026-09-10 07:07:46,PAY,IF_HCMPAY_SAPFIN_001,SAP_ERP,SFTP,Batch,5,23.647,SESS-398660E8F6,REQ-B81F494A3DBE,VAL_400|Validation|Required business field failed validation
EVT-0001300,2026-09-13 11:25:54,WM,IF_HCMWM_SAPFIN_001,SAP_ERP,ESB,Async,1,3.84,SESS-33874A784A,REQ-D88DA9B0ED9F,
EVT-0001301,2026-09-15 09:28:01,PAY,IF_HCMPAY_SAPFIN_001,SAP_ERP,SFTP,Batch,1,9.73,SESS-D4E6E9D861,REQ-2804C4F5EC7F,
EVT-0001308,2026-09-15 20:44:41,WM,IF_HCMWM_SAPFIN_001,SAP_ERP,ESB,Async,1,4.886,SESS-51BAD508EB,REQ-345BDD20135B,
EVT-0001320,2026-09-13 12:26:37,PAY,IF_HCMPAY_SAPFIN_001,SAP_ERP,SFTP,Batch,1,12.437,SESS-91005FBB1B,REQ-E3F5D49D8E38,
EVT-0001336,2026-09-14 12:13:55,WM,IF_HCMWM_SAPFIN_001,SAP_ERP,ESB,Async,1,4.994,SESS-300D5FDCD0,REQ-889CAFCF9621,
EVT-0001352,2026-09-13 13:14:48,WM,IF_HCMWM_SAPFIN_001,SAP_ERP,ESB,Async,1,5.423,SESS-786D4123E0,REQ-35BED59B3BD9,
EVT-0001353,2026-09-13 20:17:37,PAY,IF_HCMPAY_SAPFIN_001,SAP_ERP,SFTP,Batch,1,7.642,SESS-C590E5E637,REQ-EF6C15883586,
EVT-0001394,2026-09-11 07:12:29,PAY,IF_HCMPAY_SAPFIN_001,SAP_ERP,SFTP,Batch,1,13.31,SESS-83F48DD9CF,REQ-E66ACCBC4B30,
EVT-0001410,2026-09-10 18:08:44,WM,IF_HCMWM_SAPFIN_001,SAP_ERP,ESB,Async,1,4.224,SESS-B68E18A92D,REQ-F6C5591CDB17,
EVT-0001419,2026-09-11 04:25:59,WM,IF_HCMWM_SAPFIN_001,SAP_ERP,ESB,Async,1,3.769,SESS-BAF57D8E2F,REQ-4ED2B3F1080C,
EVT-0001437,2026-09-12 08:13:09,PAY,IF_HCMPAY_SAPFIN_001,SAP_ERP,SFTP,Batch,1,15.349,SESS-728FE9E588,REQ-F76023A98DDD,
EVT-0001446,2026-09-10 17:09:47,WM,IF_HCMWM_SAPFIN_001,SAP_ERP,ESB,Async,5,8.948,SESS-F0B26F9449,REQ-DA11F069E4D2,VAL_400|Validation|Required business field failed validation
EVT-0001447,2026-09-10 18:40:31,WM,IF_HCMWM_SAPFIN_001,SAP_ERP,ESB,Async,5,8.584,SESS-B371E7C8B5,REQ-860387C009EA,CFG_017|Configuration|Interface configuration mismatch
EVT-0001461,2026-09-13 19:29:17,WM,IF_HCMWM_SAPFIN_001,SAP_ERP,ESB,Async,1,4.955,SESS-7EDF30EEE7,REQ-C2A3373E3FF4,
EVT-0001466,2026-09-10 04:44:43,PAY,IF_HCMPAY_SAPFIN_001,SAP_ERP,SFTP,Batch,1,13.684,SESS-A827A3119C,REQ-B69E69AD9E64,
EVT-0001476,2026-09-11 00:38:30,WM,IF_HCMWM_SAPFIN_001,SAP_ERP,ESB,Async,1,4.974,SESS-3D8C1A1572,REQ-DDA288D91E44,
EVT-0001490,2026-09-16 21:34:57,WM,IF_HCMWM_SAPFIN_001,SAP_ERP,ESB,Async,1,4.434,SESS-F4716CD3FB,REQ-3B41D9F46073,
EVT-0001495,2026-09-14 16:12:58,PAY,IF_HCMPAY_SAPFIN_001,SAP_ERP,SFTP,Batch,1,12.257,SESS-958C42C6B9,REQ-145BB2D71DA8,
EVT-0001512,2026-09-15 12:22:22,PAY,IF_HCMPAY_SAPFIN_001,SAP_ERP,SFTP,Batch,1,9.792,SESS-5B2A0B1210,REQ-31C7FBEE0B07,
EVT-0001516,2026-09-13 01:07:59,PAY,IF_HCMPAY_SAPFIN_001,SAP_ERP,SFTP,Batch,1,12.457,SESS-ABBFD2BA72,REQ-B42B64A34DDD,
EVT-0001523,2026-09-14 06:28:35,PAY,IF_HCMPAY_SAPFIN_001,SAP_ERP,SFTP,Batch,1,14.753,SESS-E3BC7EF687,REQ-6F90CDC27CCE,
EVT-0001566,2026-09-14 07:57:01,WM,IF_HCMWM_SAPFIN_001,SAP_ERP,ESB,Async,1,4.858,SESS-353CD71971,REQ-733FADB7C854,
EVT-0001574,2026-09-15 09:01:42,WM,IF_HCMWM_SAPFIN_001,SAP_ERP,ESB,Async,1,4.786,SESS-2D4B7B55A8,REQ-335038BFC27A,
EVT-0001587,2026-09-13 11:05:27,WM,IF_HCMWM_SAPFIN_001,SAP_ERP,ESB,Async,1,5.358,SESS-A39C90891A,REQ-6D139A545A86,
EVT-0001588,2026-09-15 06:33:38,PAY,IF_HCMPAY_SAPFIN_001,SAP_ERP,SFTP,Batch,1,8.989,SESS-9EB42A53A4,REQ-577A208ECFF5,
EVT-0001634,2026-09-15 06:40:47,WM,IF_HCMWM_SAPFIN_001,SAP_ERP,ESB,Async,5,8.981,SESS-DD0662A244,REQ-6A5F440A3D27,INFRA_008|Infrastructure|Runtime node unavailable
EVT-0001637,2026-09-12 17:18:44,WM,IF_HCMWM_SAPFIN_001,SAP_ERP,ESB,Async,1,5.611,SESS-D1D3CC1B49,REQ-14578D129165,
EVT-0001643,2026-09-12 18:43:22,PAY,IF_HCMPAY_SAPFIN_001,SAP_ERP,SFTP,Batch,1,14.195,SESS-5E303CA236,REQ-953015E0B673,
EVT-0001653,2026-09-10 21:50:25,PAY,IF_HCMPAY_SAPFIN_001,SAP_ERP,SFTP,Batch,1,11.362,SESS-9A0942DFAB,REQ-F8F87502132A,
EVT-0001665,2026-09-13 06:41:14,WM,IF_HCMWM_SAPFIN_001,SAP_ERP,ESB,Async,1,6.527,SESS-058C93E515,REQ-BCA309DC6612,
EVT-0001675,2026-09-14 14:36:44,WM,IF_HCMWM_SAPFIN_001,SAP_ERP,ESB,Async,1,3.204,SESS-51118A97B9,REQ-D1CC59CB82E4,
EVT-0001686,2026-09-13 13:28:33,WM,IF_HCMWM_SAPFIN_001,SAP_ERP,ESB,Async,1,5.78,SESS-ED483B27B3,REQ-3AC9DA481764,
EVT-0001696,2026-09-11 09:16:26,WM,IF_HCMWM_SAPFIN_001,SAP_ERP,ESB,Async,1,3.143,SESS-C6C1A47E6A,REQ-B742C0BD1DF6,
EVT-0001711,2026-09-16 08:17:44,WM,IF_HCMWM_SAPFIN_001,SAP_ERP,ESB,Async,1,2.662,SESS-55258C8BD7,REQ-3CF30A007A81,
EVT-0001713,2026-09-14 23:42:26,WM,IF_HCMWM_SAPFIN_001,SAP_ERP,ESB,Async,1,4.414,SESS-CA3AE94760,REQ-4771E1AE3F81,
EVT-0001734,2026-09-16 21:38:08,PAY,IF_HCMPAY_SAPFIN_001,SAP_ERP,SFTP,Batch,1,18.949,SESS-5E0459A327,REQ-53B4E4926A34,
EVT-0001737,2026-09-11 02:49:24,WM,IF_HCMWM_SAPFIN_001,SAP_ERP,ESB,Async,5,8.497,SESS-B44301214B,REQ-545A29425A68,TIME_004|Timeout|Downstream response exceeded SLA
EVT-0001745,2026-09-13 18:49:38,PAY,IF_HCMPAY_SAPFIN_001,SAP_ERP,SFTP,Batch,1,12.344,SESS-010096C033,REQ-5B9649BC72FB,
EVT-0001752,2026-09-10 16:53:05,PAY,IF_HCMPAY_SAPFIN_001,SAP_ERP,SFTP,Batch,1,13.454,SESS-B116C5EA75,REQ-70A229635B43,
EVT-0001815,2026-09-14 16:13:14,WM,IF_HCMWM_SAPFIN_001,SAP_ERP,ESB,Async,9,32.201,SESS-A032A849A5,REQ-C705875DBC26,AUTH_401|Authentication|Service credential rejected
EVT-0001838,2026-09-16 03:17:56,WM,IF_HCMWM_SAPFIN_001,SAP_ERP,ESB,Async,1,3.847,SESS-4A9CE2F8C7,REQ-BBE2277394E8,
EVT-0001849,2026-09-12 12:31:33,PAY,IF_HCMPAY_SAPFIN_001,SAP_ERP,SFTP,Batch,1,15.026,SESS-05ABF96AD1,REQ-DECD45EDFD96,
EVT-0001852,2026-09-11 19:40:51,PAY,IF_HCMPAY_SAPFIN_001,SAP_ERP,SFTP,Batch,1,19.191,SESS-400AD9EC23,REQ-6D986EA96BF1,
EVT-0001865,2026-09-15 10:47:39,PAY,IF_HCMPAY_SAPFIN_001,SAP_ERP,SFTP,Batch,5,41.796,SESS-270F600177,REQ-89E04C0691EB,VAL_400|Validation|Required business field failed validation
EVT-0001874,2026-09-14 22:48:55,PAY,IF_HCMPAY_SAPFIN_001,SAP_ERP,SFTP,Batch,1,14.721,SESS-45087D477C,REQ-D460338D9A1E,
EVT-0001876,2026-09-10 03:33:11,WM,IF_HCMWM_SAPFIN_001,SAP_ERP,ESB,Async,1,3.64,SESS-C9A68184CD,REQ-C72B40F34010,
EVT-0001882,2026-09-10 03:25:34,WM,IF_HCMWM_SAPFIN_001,SAP_ERP,ESB,Async,5,11.435,SESS-7B48456055,REQ-3514ABD9280E,DB_COMMIT_014|Database|Transaction commit failed
EVT-0001891,2026-09-15 01:33:04,PAY,IF_HCMPAY_SAPFIN_001,SAP_ERP,SFTP,Batch,1,16.073,SESS-C545E6C74F,REQ-E475F77078AD,
EVT-0001892,2026-09-11 17:51:49,PAY,IF_HCMPAY_SAPFIN_001,SAP_ERP,SFTP,Batch,5,44.26,SESS-E7C8565E1B,REQ-BD74BE40BF81,AUTHZ_403|Authorization|Caller is not authorized
EVT-0001914,2026-09-13 21:15:11,WM,IF_HCMWM_SAPFIN_001,SAP_ERP,ESB,Async,1,4.737,SESS-C4A756F05E,REQ-18FDA677A918,
EVT-0001917,2026-09-12 11:16:03,PAY,IF_HCMPAY_SAPFIN_001,SAP_ERP,SFTP,Batch,1,12.204,SESS-5A450674DC,REQ-1A6AC45B8245,
EVT-0001923,2026-09-11 09:52:50,PAY,IF_HCMPAY_SAPFIN_001,SAP_ERP,SFTP,Batch,1,12.166,SESS-22C76EC15D,REQ-0D6207BE4FBA,
EVT-0001925,2026-09-10 15:16:57,WM,IF_HCMWM_SAPFIN_001,SAP_ERP,ESB,Async,5,8.155,SESS-A85F5371F1,REQ-F7A2F204D674,AUTH_401|Authentication|Service credential rejected
EVT-0001943,2026-09-15 23:28:19,WM,IF_HCMWM_SAPFIN_001,SAP_ERP,ESB,Async,1,3.541,SESS-39B059269B,REQ-E9D58083074C,
EVT-0001961,2026-09-14 14:40:43,PAY,IF_HCMPAY_SAPFIN_001,SAP_ERP,SFTP,Batch,1,13.329,SESS-6C6D164D65,REQ-5AC4CDE9D1C4,
EVT-0001973,2026-09-13 13:03:14,PAY,IF_HCMPAY_SAPFIN_001,SAP_ERP,SFTP,Batch,1,13.049,SESS-F8981EA190,REQ-92C800F64C42,
EVT-0001996,2026-09-12 23:50:15,PAY,IF_HCMPAY_SAPFIN_001,SAP_ERP,SFTP,Batch,1,14.964,SESS-90E229AEEB,REQ-BF57A0F52BA6,
EVT-0002002,2026-09-10 04:17:12,PAY,IF_HCMPAY_SAPFIN_001,SAP_ERP,SFTP,Batch,1,11.495,SESS-4F2B775EB8,REQ-45FDD10D193C,
EVT-0002007,2026-09-13 04:25:58,WM,IF_HCMWM_SAPFIN_001,SAP_ERP,ESB,Async,1,4.63,SESS-305BA4527A,REQ-92B69D645EB1,
EVT-0002021,2026-09-14 06:10:51,PAY,IF_HCMPAY_SAPFIN_001,SAP_ERP,SFTP,Batch,1,14.416,SESS-94CA9DFF7F,REQ-6FEB8C26FF6F,
EVT-0002050,2026-09-16 17:02:49,PAY,IF_HCMPAY_SAPFIN_001,SAP_ERP,SFTP,Batch,1,13.719,SESS-9B2AAA7FD4,REQ-407E95516201,
EVT-0002094,2026-09-10 08:00:27,PAY,IF_HCMPAY_SAPFIN_001,SAP_ERP,SFTP,Batch,1,11.924,SESS-8F7800BFA4,REQ-1CAA61EB959C,
EVT-0002097,2026-09-16 02:03:05,WM,IF_HCMWM_SAPFIN_001,SAP_ERP,ESB,Async,1,3.951,SESS-4003C7468A,REQ-610C5A4AFFEC,
EVT-0002099,2026-09-11 13:14:53,PAY,IF_HCMPAY_SAPFIN_001,SAP_ERP,SFTP,Batch,1,13.091,SESS-89676C2B6C,REQ-AF3AB22F59F9,
EVT-0002109,2026-09-13 04:39:03,WM,IF_HCMWM_SAPFIN_001,SAP_ERP,ESB,Async,1,4.408,SESS-AE292A6FF5,REQ-833C7CAA3AC6,
EVT-0002120,2026-09-11 01:17:31,PAY,IF_HCMPAY_SAPFIN_001,SAP_ERP,SFTP,Batch,1,12.639,SESS-A5A23978E7,REQ-AE4CBDD780D3,
EVT-0002128,2026-09-14 10:06:29,WM,IF_HCMWM_SAPFIN_001,SAP_ERP,ESB,Async,1,6.887,SESS-2BDAB9750B,REQ-ADA66B1B7533,
EVT-0002150,2026-09-16 08:36:37,PAY,IF_HCMPAY_SAPFIN_001,SAP_ERP,SFTP,Batch,1,12.459,SESS-3EAD764E36,REQ-1ABE546970C5,
EVT-0002152,2026-09-15 00:21:34,PAY,IF_HCMPAY_SAPFIN_001,SAP_ERP,SFTP,Batch,1,16.668,SESS-04564DA644,REQ-751DE5379765,
EVT-0002155,2026-09-11 03:02:52,PAY,IF_HCMPAY_SAPFIN_001,SAP_ERP,SFTP,Batch,1,14.298,SESS-80DD259DB2,REQ-EBDFF8FE2858,
EVT-0002161,2026-09-15 14:35:09,PAY,IF_HCMPAY_SAPFIN_001,SAP_ERP,SFTP,Batch,1,10.322,SESS-FFC45A4F65,REQ-79B0713AB0BF,
EVT-0002162,2026-09-12 18:20:37,PAY,IF_HCMPAY_SAPFIN_001,SAP_ERP,SFTP,Batch,1,13.781,SESS-15955D80DB,REQ-69B1696F65BE,
EVT-0002183,2026-09-16 17:43:26,WM,IF_HCMWM_SAPFIN_001,SAP_ERP,ESB,Async,1,4.106,SESS-8584CF2E78,REQ-D55783930C5A,
EVT-0002204,2026-09-10 10:43:47,WM,IF_HCMWM_SAPFIN_001,SAP_ERP,ESB,Async,1,5.533,SESS-F5CF805EF9,REQ-E033895FF0C1,
EVT-0002232,2026-09-12 05:55:17,WM,IF_HCMWM_SAPFIN_001,SAP_ERP,ESB,Async,1,4.825,SESS-35C91A3A7C,REQ-3C6C3020EB66,
EVT-0002242,2026-09-12 20:52:32,WM,IF_HCMWM_SAPFIN_001,SAP_ERP,ESB,Async,1,2.744,SESS-D3AB2C709C,REQ-DCBF93D7B374,
EVT-0002259,2026-09-11 07:15:30,WM,IF_HCMWM_SAPFIN_001,SAP_ERP,ESB,Async,1,4.092,SESS-B1F09B3FCB,REQ-A9097F9F6135,
EVT-0002264,2026-09-16 08:41:13,WM,IF_HCMWM_SAPFIN_001,SAP_ERP,ESB,Async,1,6.238,SESS-57C14CDA95,REQ-F3F5203A6BF5,
EVT-0002269,2026-09-11 13:48:47,WM,IF_HCMWM_SAPFIN_001,SAP_ERP,ESB,Async,1,5.03,SESS-F52F78121D,REQ-FE3D3C04F921,
EVT-0002277,2026-09-11 12:27:01,WM,IF_HCMWM_SAPFIN_001,SAP_ERP,ESB,Async,1,4.272,SESS-0C922C1D34,REQ-F735DC399A25,
EVT-0002299,2026-09-10 19:03:26,WM,IF_HCMWM_SAPFIN_001,SAP_ERP,ESB,Async,1,3.449,SESS-EA22B545AC,REQ-A68279B0DC81,
EVT-0002324,2026-09-16 22:10:48,PAY,IF_HCMPAY_SAPFIN_001,SAP_ERP,SFTP,Batch,1,13.844,SESS-897A22A261,REQ-5B448AAC84B8,
EVT-0002328,2026-09-10 10:31:51,WM,IF_HCMWM_SAPFIN_001,SAP_ERP,ESB,Async,5,7.443,SESS-2A47818FC5,REQ-C66591F8B1B7,EXT_502|External Service|Downstream service returned 502
EVT-0002332,2026-09-13 23:39:47,WM,IF_HCMWM_SAPFIN_001,SAP_ERP,ESB,Async,5,7.26,SESS-C8FDEB7E7E,REQ-B815AD3F89AB,AUTH_401|Authentication|Service credential rejected
EVT-0002357,2026-09-12 05:33:27,WM,IF_HCMWM_SAPFIN_001,SAP_ERP,ESB,Async,1,3.688,SESS-8DADCFFCB2,REQ-045ADCEE6990,
EVT-0002359,2026-09-12 14:17:00,WM,IF_HCMWM_SAPFIN_001,SAP_ERP,ESB,Async,1,4.21,SESS-3E33E6EBFE,REQ-C0D97D93A433,
EVT-0002368,2026-09-12 19:23:29,PAY,IF_HCMPAY_SAPFIN_001,SAP_ERP,SFTP,Batch,1,19.001,SESS-B70B58973F,REQ-9427B417D92D,
EVT-0002381,2026-09-10 14:43:28,WM,IF_HCMWM_SAPFIN_001,SAP_ERP,ESB,Async,1,4.604,SESS-57A56A8F7D,REQ-D25158CBB1C6,
EVT-0002413,2026-09-10 10:56:14,WM,IF_HCMWM_SAPFIN_001,SAP_ERP,ESB,Async,5,11.79,SESS-08828F414E,REQ-351800B54A1F,NET_CONN_003|Network|Connection reset by peer
EVT-0002429,2026-09-10 06:34:46,PAY,IF_HCMPAY_SAPFIN_001,SAP_ERP,SFTP,Batch,1,12.882,SESS-D50E6EB738,REQ-42C9A97934BF,
EVT-0002449,2026-09-16 23:35:46,WM,IF_HCMWM_SAPFIN_001,SAP_ERP,ESB,Async,1,4.064,SESS-6BEAF22296,REQ-D0934616266B,
EVT-0002472,2026-09-11 04:25:47,PAY,IF_HCMPAY_SAPFIN_001,SAP_ERP,SFTP,Batch,1,13.132,SESS-F7E4571117,REQ-908ECB4878FF,
EVT-0002474,2026-09-13 01:48:40,WM,IF_HCMWM_SAPFIN_001,SAP_ERP,ESB,Async,9,7.142,SESS-3F47336AD2,REQ-D678D1806BCA,NET_CONN_003|Network|Connection reset by peer
EVT-0002490,2026-09-10 23:20:03,WM,IF_HCMWM_SAPFIN_001,SAP_ERP,ESB,Async,1,3.773,SESS-2ED838FCE9,REQ-DA0C2C7CB153,
EVT-0002506,2026-09-14 19:06:54,WM,IF_HCMWM_SAPFIN_001,SAP_ERP,ESB,Async,1,2.377,SESS-7A2315752A,REQ-AD39DB0E1688,
EVT-0002521,2026-09-14 12:52:33,WM,IF_HCMWM_SAPFIN_001,SAP_ERP,ESB,Async,5,12.954,SESS-2E9B363C08,REQ-6CED681367F5,CAP_003|Capacity|Downstream service is at capacity
EVT-0002523,2026-09-16 06:24:56,WM,IF_HCMWM_SAPFIN_001,SAP_ERP,ESB,Async,1,4.605,SESS-21A0E55817,REQ-635D78C15505,
EVT-0002545,2026-09-10 16:54:38,PAY,IF_HCMPAY_SAPFIN_001,SAP_ERP,SFTP,Batch,1,10.319,SESS-2F25AA61A6,REQ-E39A783F613E,
EVT-0002551,2026-09-10 00:02:42,PAY,IF_HCMPAY_SAPFIN_001,SAP_ERP,SFTP,Batch,1,16.136,SESS-3343C5A97E,REQ-C23FB94C33E2,
EVT-0002553,2026-09-14 08:54:41,WM,IF_HCMWM_SAPFIN_001,SAP_ERP,ESB,Async,1,4.904,SESS-91CF08DA0D,REQ-C14E17C9FB78,
EVT-0002555,2026-09-10 02:21:06,WM,IF_HCMWM_SAPFIN_001,SAP_ERP,ESB,Async,1,5.452,SESS-C2D27D377F,REQ-A7880B3AD9A9,
EVT-0002564,2026-09-10 15:11:27,PAY,IF_HCMPAY_SAPFIN_001,SAP_ERP,SFTP,Batch,1,13.943,SESS-F7234A5941,REQ-F0B895E18681,
EVT-0002576,2026-09-16 06:36:35,PAY,IF_HCMPAY_SAPFIN_001,SAP_ERP,SFTP,Batch,1,16.299,SESS-3375566785,REQ-7961929947FA,
EVT-0002578,2026-09-16 21:43:53,WM,IF_HCMWM_SAPFIN_001,SAP_ERP,ESB,Async,1,3.627,SESS-41F03253C9,REQ-2F913DF203A0,
EVT-0002597,2026-09-13 13:22:42,WM,IF_HCMWM_SAPFIN_001,SAP_ERP,ESB,Async,1,4.043,SESS-99B6EED087,REQ-56FF8208646F,
EVT-0002607,2026-09-16 03:29:05,PAY,IF_HCMPAY_SAPFIN_001,SAP_ERP,SFTP,Batch,1,17.164,SESS-F652C5C1E8,REQ-1C1969B36AD6,
EVT-0002608,2026-09-13 06:48:19,WM,IF_HCMWM_SAPFIN_001,SAP_ERP,ESB,Async,1,4.984,SESS-0F68D23F0B,REQ-0EEA8A59009B,
EVT-0002611,2026-09-10 03:20:23,PAY,IF_HCMPAY_SAPFIN_001,SAP_ERP,SFTP,Batch,9,81.868,SESS-7CE04670BF,REQ-895A86192BFD,CFG_017|Configuration|Interface configuration mismatch
EVT-0002644,2026-09-13 01:16:36,PAY,IF_HCMPAY_SAPFIN_001,SAP_ERP,SFTP,Batch,1,11.929,SESS-25CB311636,REQ-FF798254B5B9,
EVT-0002646,2026-09-13 05:43:40,PAY,IF_HCMPAY_SAPFIN_001,SAP_ERP,SFTP,Batch,1,19.382,SESS-F30A942507,REQ-372256A65CB1,
EVT-0002664,2026-09-16 08:37:19,WM,IF_HCMWM_SAPFIN_001,SAP_ERP,ESB,Async,1,4.866,SESS-6B894A5132,REQ-D5347746E79C,
EVT-0002665,2026-09-12 04:42:27,WM,IF_HCMWM_SAPFIN_001,SAP_ERP,ESB,Async,1,5.599,SESS-5D38C2B9AB,REQ-3D022FE5E167,
EVT-0002669,2026-09-13 03:04:49,WM,IF_HCMWM_SAPFIN_001,SAP_ERP,ESB,Async,1,5.208,SESS-5D085ADF63,REQ-E1CBE61EF599,
EVT-0002670,2026-09-10 18:06:57,WM,IF_HCMWM_SAPFIN_001,SAP_ERP,ESB,Async,1,5.969,SESS-B7270611A9,REQ-A7BE66807269,
EVT-0002671,2026-09-14 21:43:36,PAY,IF_HCMPAY_SAPFIN_001,SAP_ERP,SFTP,Batch,1,18.723,SESS-8950309882,REQ-A63F79C494AE,
EVT-0002674,2026-09-13 17:35:41,WM,IF_HCMWM_SAPFIN_001,SAP_ERP,ESB,Async,1,5.212,SESS-1BAF8F75C4,REQ-F1A2C3E79E42,
EVT-0002683,2026-09-15 11:40:17,WM,IF_HCMWM_SAPFIN_001,SAP_ERP,ESB,Async,1,4.569,SESS-6D26B37BC1,REQ-91F91D8506F9,
EVT-0002687,2026-09-15 21:04:27,WM,IF_HCMWM_SAPFIN_001,SAP_ERP,ESB,Async,5,9.964,SESS-3F249C3B07,REQ-AB196E192EB1,AUTHZ_403|Authorization|Caller is not authorized
EVT-0002691,2026-09-10 01:58:28,PAY,IF_HCMPAY_SAPFIN_001,SAP_ERP,SFTP,Batch,1,12.602,SESS-2341E0BD59,REQ-449D019A7AB2,
EVT-0002697,2026-09-16 22:06:07,PAY,IF_HCMPAY_SAPFIN_001,SAP_ERP,SFTP,Batch,1,13.839,SESS-FAF5EC1683,REQ-79614EAEBFB6,
EVT-0002716,2026-09-15 17:48:20,PAY,IF_HCMPAY_SAPFIN_001,SAP_ERP,SFTP,Batch,1,9.448,SESS-9392433418,REQ-7B030746E86F,
EVT-0002719,2026-09-11 11:49:47,PAY,IF_HCMPAY_SAPFIN_001,SAP_ERP,SFTP,Batch,9,55.673,SESS-B0FA660409,REQ-D3FD8ABFCA6E,AUTHZ_403|Authorization|Caller is not authorized
EVT-0002722,2026-09-16 23:59:58,WM,IF_HCMWM_SAPFIN_001,SAP_ERP,ESB,Async,5,15.089,SESS-9436F4519E,REQ-5FD070B317CE,NET_CONN_003|Network|Connection reset by peer
EVT-0002724,2026-09-15 00:26:55,PAY,IF_HCMPAY_SAPFIN_001,SAP_ERP,SFTP,Batch,1,13.333,SESS-C1492D84E6,REQ-29227FEAB3AF,
EVT-0002744,2026-09-14 18:03:16,WM,IF_HCMWM_SAPFIN_001,SAP_ERP,ESB,Async,1,3.654,SESS-EB3AA8AB29,REQ-836F0CB1A657,
EVT-0002749,2026-09-14 04:50:27,WM,IF_HCMWM_SAPFIN_001,SAP_ERP,ESB,Async,1,3.868,SESS-32D8D9166F,REQ-F7171E9CE203,
EVT-0002751,2026-09-12 08:37:57,PAY,IF_HCMPAY_SAPFIN_001,SAP_ERP,SFTP,Batch,5,25.189,SESS-05B1A510AE,REQ-AAAD4951D2E4,CFG_017|Configuration|Interface configuration mismatch
EVT-0002793,2026-09-10 14:31:47,PAY,IF_HCMPAY_SAPFIN_001,SAP_ERP,SFTP,Batch,1,12.92,SESS-417B554A05,REQ-BC259FC61680,
EVT-0002820,2026-09-15 01:17:35,PAY,IF_HCMPAY_SAPFIN_001,SAP_ERP,SFTP,Batch,1,14.113,SESS-842CABD541,REQ-BA258CFE5814,
EVT-0002891,2026-09-12 14:30:26,PAY,IF_HCMPAY_SAPFIN_001,SAP_ERP,SFTP,Batch,5,49.438,SESS-0EA06C7F49,REQ-6D215D170F58,DB_COMMIT_014|Database|Transaction commit failed
EVT-0002893,2026-09-10 13:45:40,PAY,IF_HCMPAY_SAPFIN_001,SAP_ERP,SFTP,Batch,1,16.042,SESS-7F4D07DA26,REQ-111CC7E81292,
EVT-0002895,2026-09-14 18:13:51,PAY,IF_HCMPAY_SAPFIN_001,SAP_ERP,SFTP,Batch,1,14.938,SESS-2D28287B93,REQ-F50E90258C8F,
EVT-0002896,2026-09-12 21:54:13,WM,IF_HCMWM_SAPFIN_001,SAP_ERP,ESB,Async,9,29.442,SESS-E9E88A82A4,REQ-A82536BA23DF,VAL_400|Validation|Required business field failed validation
EVT-0002909,2026-09-14 07:11:35,PAY,IF_HCMPAY_SAPFIN_001,SAP_ERP,SFTP,Batch,1,11.237,SESS-6D971D5BBB,REQ-6AC55952778F,
EVT-0002915,2026-09-11 17:08:02,PAY,IF_HCMPAY_SAPFIN_001,SAP_ERP,SFTP,Batch,5,35.73,SESS-344CB8D309,REQ-FDDC04430271,DB_COMMIT_014|Database|Transaction commit failed
EVT-0002919,2026-09-10 11:56:15,WM,IF_HCMWM_SAPFIN_001,SAP_ERP,ESB,Async,5,16.978,SESS-8838DBEE37,REQ-A3558D371B9E,INFRA_008|Infrastructure|Runtime node unavailable
EVT-0002938,2026-09-10 10:26:16,PAY,IF_HCMPAY_SAPFIN_001,SAP_ERP,SFTP,Batch,9,45.066,SESS-42E67A5CAE,REQ-172A89E731A4,CAP_003|Capacity|Downstream service is at capacity
EVT-0002945,2026-09-11 21:27:35,WM,IF_HCMWM_SAPFIN_001,SAP_ERP,ESB,Async,1,5.811,SESS-42FB9AE4EE,REQ-E8D1EB6DAAE7,
EVT-0002965,2026-09-14 12:04:06,WM,IF_HCMWM_SAPFIN_001,SAP_ERP,ESB,Async,1,4.347,SESS-9464B557D8,REQ-49C84AC15E79,
EVT-0002968,2026-09-14 03:35:19,WM,IF_HCMWM_SAPFIN_001,SAP_ERP,ESB,Async,1,2.832,SESS-7A4A1954DC,REQ-38317AE474A9,
EVT-0002976,2026-09-11 21:19:58,PAY,IF_HCMPAY_SAPFIN_001,SAP_ERP,SFTP,Batch,1,17.277,SESS-9AFA197915,REQ-5FF24AA8238F,
EVT-0002986,2026-09-14 09:15:24,WM,IF_HCMWM_SAPFIN_001,SAP_ERP,ESB,Async,1,3.246,SESS-6ABF199D40,REQ-DEB4366373D3,
EVT-0003003,2026-09-10 02:55:23,WM,IF_HCMWM_SAPFIN_001,SAP_ERP,ESB,Async,5,16.424,SESS-94FBF16416,REQ-D44B746D3047,VAL_400|Validation|Required business field failed validation
EVT-0003006,2026-09-15 23:43:38,PAY,IF_HCMPAY_SAPFIN_001,SAP_ERP,SFTP,Batch,1,7.909,SESS-EA57263230,REQ-1A32D9C49147,
EVT-0003012,2026-09-14 01:48:01,WM,IF_HCMWM_SAPFIN_001,SAP_ERP,ESB,Async,1,5.057,SESS-E5033DA458,REQ-31BEC25F8ABE,
EVT-0003053,2026-09-11 14:33:19,PAY,IF_HCMPAY_SAPFIN_001,SAP_ERP,SFTP,Batch,1,18.165,SESS-1AE0DE5D82,REQ-7779F5E70088,
EVT-0003093,2026-09-12 06:40:13,PAY,IF_HCMPAY_SAPFIN_001,SAP_ERP,SFTP,Batch,1,13.052,SESS-4E4FFE0660,REQ-2D0B8F4FF336,
EVT-0003109,2026-09-16 23:57:39,WM,IF_HCMWM_SAPFIN_001,SAP_ERP,ESB,Async,1,4.503,SESS-9A64F4ECB4,REQ-B1F063C0B797,
EVT-0003128,2026-09-16 21:48:10,WM,IF_HCMWM_SAPFIN_001,SAP_ERP,ESB,Async,1,4.342,SESS-79AF7B26A3,REQ-9DB03FD699DC,
EVT-0003148,2026-09-15 05:15:38,PAY,IF_HCMPAY_SAPFIN_001,SAP_ERP,SFTP,Batch,1,7.509,SESS-7BD09974B8,REQ-BF0DB131688A,
EVT-0003157,2026-09-10 00:06:16,PAY,IF_HCMPAY_SAPFIN_001,SAP_ERP,SFTP,Batch,5,48.208,SESS-6888D2CA09,REQ-1151BB36844C,AUTHZ_403|Authorization|Caller is not authorized
EVT-0003160,2026-09-14 17:58:28,PAY,IF_HCMPAY_SAPFIN_001,SAP_ERP,SFTP,Batch,1,18.925,SESS-3A14B686E3,REQ-C5F7A43469FB,
EVT-0003188,2026-09-12 19:12:17,PAY,IF_HCMPAY_SAPFIN_001,SAP_ERP,SFTP,Batch,5,26.945,SESS-4F9B2C95ED,REQ-038B66385293,TIME_004|Timeout|Downstream response exceeded SLA
EVT-0003200,2026-09-11 10:49:32,PAY,IF_HCMPAY_SAPFIN_001,SAP_ERP,SFTP,Batch,1,17.533,SESS-68B036331A,REQ-0770383B9976,
EVT-0003202,2026-09-16 23:05:12,WM,IF_HCMWM_SAPFIN_001,SAP_ERP,ESB,Async,1,3.515,SESS-0A6D2CEEE4,REQ-768D3089D063,
EVT-0003244,2026-09-15 11:36:37,PAY,IF_HCMPAY_SAPFIN_001,SAP_ERP,SFTP,Batch,1,11.904,SESS-F88905B08C,REQ-9AC0075111AA,
EVT-0003261,2026-09-15 06:14:55,WM,IF_HCMWM_SAPFIN_001,SAP_ERP,ESB,Async,5,14.115,SESS-209B1B3BEF,REQ-4AE29CD4D7E1,NET_CONN_003|Network|Connection reset by peer
EVT-0003277,2026-09-14 15:20:03,PAY,IF_HCMPAY_SAPFIN_001,SAP_ERP,SFTP,Batch,1,12.318,SESS-5D173201F1,REQ-EDAAE6FBDDC7,
EVT-0003290,2026-09-12 06:09:52,WM,IF_HCMWM_SAPFIN_001,SAP_ERP,ESB,Async,5,17.357,SESS-4AF0945807,REQ-517E050A49DC,AUTHZ_403|Authorization|Caller is not authorized
EVT-0003296,2026-09-11 19:31:48,WM,IF_HCMWM_SAPFIN_001,SAP_ERP,ESB,Async,5,8.422,SESS-53AC1D1554,REQ-DD4ACFA48630,CFG_017|Configuration|Interface configuration mismatch
EVT-0003306,2026-09-10 08:50:50,WM,IF_HCMWM_SAPFIN_001,SAP_ERP,ESB,Async,1,4.017,SESS-AA5FE821C4,REQ-5D20D9D05DAA,
EVT-0003308,2026-09-12 02:27:26,PAY,IF_HCMPAY_SAPFIN_001,SAP_ERP,SFTP,Batch,1,17.368,SESS-5B5FDA4A6B,REQ-4C21D53A6A1D,
EVT-0003313,2026-09-14 18:15:53,PAY,IF_HCMPAY_SAPFIN_001,SAP_ERP,SFTP,Batch,1,9.788,SESS-1214CE2504,REQ-5C7512BE27CB,
EVT-0003341,2026-09-13 09:22:22,WM,IF_HCMWM_SAPFIN_001,SAP_ERP,ESB,Async,1,4.019,SESS-105BAFE810,REQ-6101988AAA0E,
EVT-0003368,2026-09-16 17:38:42,WM,IF_HCMWM_SAPFIN_001,SAP_ERP,ESB,Async,1,3.592,SESS-7512DE8497,REQ-391DFAA2EBAC,
EVT-0003389,2026-09-14 20:12:41,WM,IF_HCMWM_SAPFIN_001,SAP_ERP,ESB,Async,1,5.499,SESS-E2AEAE5708,REQ-8D41D87C9B01,
EVT-0003412,2026-09-11 17:51:17,WM,IF_HCMWM_SAPFIN_001,SAP_ERP,ESB,Async,1,4.63,SESS-54018532C2,REQ-91719E1B368E,
EVT-0003415,2026-09-14 22:43:27,WM,IF_HCMWM_SAPFIN_001,SAP_ERP,ESB,Async,1,6.789,SESS-E19A646FDC,REQ-C500CC8C391F,
EVT-0003420,2026-09-10 21:02:52,PAY,IF_HCMPAY_SAPFIN_001,SAP_ERP,SFTP,Batch,1,18.349,SESS-792CA6376B,REQ-6217DB098829,
EVT-0003442,2026-09-10 00:56:33,PAY,IF_HCMPAY_SAPFIN_001,SAP_ERP,SFTP,Batch,1,11.269,SESS-D877ED5C07,REQ-F6A68072635F,
EVT-0003467,2026-09-12 03:50:34,WM,IF_HCMWM_SAPFIN_001,SAP_ERP,ESB,Async,1,4.154,SESS-5B810B2B61,REQ-174F3DF87ABD,
EVT-0003482,2026-09-13 01:05:07,PAY,IF_HCMPAY_SAPFIN_001,SAP_ERP,SFTP,Batch,5,45.9,SESS-5212B1D236,REQ-D67263C5D0F7,VAL_400|Validation|Required business field failed validation
EVT-0003490,2026-09-12 06:00:54,PAY,IF_HCMPAY_SAPFIN_001,SAP_ERP,SFTP,Batch,1,13.662,SESS-6547B3ACCF,REQ-BBB0819EBBDD,
EVT-0003498,2026-09-12 00:28:54,WM,IF_HCMWM_SAPFIN_001,SAP_ERP,ESB,Async,1,3.451,SESS-2C4D69BF2C,REQ-34C78A9FA339,
EVT-0003501,2026-09-15 07:02:27,PAY,IF_HCMPAY_SAPFIN_001,SAP_ERP,SFTP,Batch,1,15.37,SESS-A70A7C56D6,REQ-C9191FCB1477,
EVT-0003543,2026-09-10 17:02:32,PAY,IF_HCMPAY_SAPFIN_001,SAP_ERP,SFTP,Batch,1,14.981,SESS-288BD2BBE8,REQ-0FB19DF41E80,
EVT-0003544,2026-09-14 02:14:41,WM,IF_HCMWM_SAPFIN_001,SAP_ERP,ESB,Async,1,3.61,SESS-A579390AA5,REQ-7621AAB4CDB3,
EVT-0003547,2026-09-11 12:22:08,WM,IF_HCMWM_SAPFIN_001,SAP_ERP,ESB,Async,1,4.352,SESS-F075A707A3,REQ-EAE8808D4A7C,
EVT-0003549,2026-09-15 17:45:25,PAY,IF_HCMPAY_SAPFIN_001,SAP_ERP,SFTP,Batch,1,18.786,SESS-B40991FCCC,REQ-02DEBD75D649,
EVT-0003567,2026-09-16 21:13:09,PAY,IF_HCMPAY_SAPFIN_001,SAP_ERP,SFTP,Batch,1,16.887,SESS-6ECF0B604C,REQ-0B4090BB9D11,
EVT-0003568,2026-09-15 01:01:30,PAY,IF_HCMPAY_SAPFIN_001,SAP_ERP,SFTP,Batch,1,17.56,SESS-E793C612DF,REQ-2F928AF2879A,
EVT-0003571,2026-09-11 04:36:37,PAY,IF_HCMPAY_SAPFIN_001,SAP_ERP,SFTP,Batch,1,16.028,SESS-C6E3EE44C1,REQ-14E89D759D98,
EVT-0003574,2026-09-11 23:12:44,PAY,IF_HCMPAY_SAPFIN_001,SAP_ERP,SFTP,Batch,1,16.898,SESS-9D83C9BD2B,REQ-7821EC936922,
EVT-0003588,2026-09-16 06:19:37,WM,IF_HCMWM_SAPFIN_001,SAP_ERP,ESB,Async,1,6.515,SESS-2BBDCBF9B6,REQ-722702A27700,
EVT-0003601,2026-09-11 22:21:46,WM,IF_HCMWM_SAPFIN_001,SAP_ERP,ESB,Async,1,4.162,SESS-1E3238DF24,REQ-569B56ED0A9C,
EVT-0003634,2026-09-13 08:58:44,WM,IF_HCMWM_SAPFIN_001,SAP_ERP,ESB,Async,1,4.425,SESS-D6EB321C83,REQ-FA875F41B7C0,
EVT-0003644,2026-09-16 07:57:55,PAY,IF_HCMPAY_SAPFIN_001,SAP_ERP,SFTP,Batch,1,15.71,SESS-CFE095DF1B,REQ-8977F10856A6,
EVT-0003646,2026-09-14 21:02:08,PAY,IF_HCMPAY_SAPFIN_001,SAP_ERP,SFTP,Batch,1,11.4,SESS-A432EA6048,REQ-22EBD1F7154E,
EVT-0003666,2026-09-13 19:59:58,PAY,IF_HCMPAY_SAPFIN_001,SAP_ERP,SFTP,Batch,1,10.011,SESS-8D1F27351A,REQ-3EF12A928804,
EVT-0003679,2026-09-14 08:34:15,PAY,IF_HCMPAY_SAPFIN_001,SAP_ERP,SFTP,Batch,1,11.308,SESS-9894AFF65B,REQ-97CDE816BFCB,
EVT-0003681,2026-09-10 16:55:37,WM,IF_HCMWM_SAPFIN_001,SAP_ERP,ESB,Async,5,13.59,SESS-B23D8EBF89,REQ-69B4E6A2BB40,EXT_502|External Service|Downstream service returned 502
EVT-0003749,2026-09-12 19:10:31,PAY,IF_HCMPAY_SAPFIN_001,SAP_ERP,SFTP,Batch,1,15.498,SESS-46554F7E22,REQ-984DB8E15CAB,
EVT-0003755,2026-09-15 01:23:20,PAY,IF_HCMPAY_SAPFIN_001,SAP_ERP,SFTP,Batch,1,9.914,SESS-9A94481F5E,REQ-CC9D2E0570CA,
EVT-0003768,2026-09-10 20:48:17,PAY,IF_HCMPAY_SAPFIN_001,SAP_ERP,SFTP,Batch,1,15.029,SESS-3E610C7F18,REQ-CFC49777F342,
EVT-0003784,2026-09-15 17:28:37,PAY,IF_HCMPAY_SAPFIN_001,SAP_ERP,SFTP,Batch,1,11.588,SESS-81EEBABAEA,REQ-6FD3688CA99E,
EVT-0003816,2026-09-14 05:24:07,PAY,IF_HCMPAY_SAPFIN_001,SAP_ERP,SFTP,Batch,1,15.185,SESS-2BD49634C6,REQ-10CBBB3D0B5D,
EVT-0003842,2026-09-13 14:10:27,PAY,IF_HCMPAY_SAPFIN_001,SAP_ERP,SFTP,Batch,1,13.755,SESS-C8F0BCCAAA,REQ-F405ADA132D3,
EVT-0003844,2026-09-11 20:23:33,WM,IF_HCMWM_SAPFIN_001,SAP_ERP,ESB,Async,5,8.717,SESS-39E0CCC178,REQ-8C2199E231E7,INFRA_008|Infrastructure|Runtime node unavailable
EVT-0003861,2026-09-10 11:36:02,PAY,IF_HCMPAY_SAPFIN_001,SAP_ERP,SFTP,Batch,1,15.345,SESS-C3F83D0919,REQ-FA28E169AAC3,
EVT-0003894,2026-09-13 21:22:27,PAY,IF_HCMPAY_SAPFIN_001,SAP_ERP,SFTP,Batch,1,13.452,SESS-5A5E2249B0,REQ-E29C8AE06E96,
EVT-0003897,2026-09-16 04:48:54,WM,IF_HCMWM_SAPFIN_001,SAP_ERP,ESB,Async,1,5.119,SESS-89365196EE,REQ-56BA38E72980,
EVT-0003932,2026-09-16 17:28:55,WM,IF_HCMWM_SAPFIN_001,SAP_ERP,ESB,Async,1,4.212,SESS-08D56637A3,REQ-04CD160B2745,
EVT-0003942,2026-09-13 04:31:51,WM,IF_HCMWM_SAPFIN_001,SAP_ERP,ESB,Async,1,4.73,SESS-05117F3273,REQ-DCBA9EC1566F,
EVT-0003943,2026-09-12 03:46:36,WM,IF_HCMWM_SAPFIN_001,SAP_ERP,ESB,Async,1,3.762,SESS-FF05E1DA5E,REQ-90982A853339,
EVT-0003958,2026-09-14 21:41:05,PAY,IF_HCMPAY_SAPFIN_001,SAP_ERP,SFTP,Batch,1,11.047,SESS-780299C983,REQ-3DD3E26AC60D,
EVT-0004010,2026-09-12 05:41:45,WM,IF_HCMWM_SAPFIN_001,SAP_ERP,ESB,Async,1,3.709,SESS-DA8C808FA8,REQ-2A762BCA2989,
EVT-0004024,2026-09-13 16:44:57,PAY,IF_HCMPAY_SAPFIN_001,SAP_ERP,SFTP,Batch,1,14.582,SESS-21CEE217FA,REQ-33DE8079F829,
EVT-0004049,2026-09-12 15:01:25,WM,IF_HCMWM_SAPFIN_001,SAP_ERP,ESB,Async,5,13.553,SESS-D972D31B8E,REQ-8BF89B5D8872,AUTH_401|Authentication|Service credential rejected
EVT-0004068,2026-09-11 10:21:00,PAY,IF_HCMPAY_SAPFIN_001,SAP_ERP,SFTP,Batch,1,17.927,SESS-176F957692,REQ-D21353C728EB,
EVT-0004097,2026-09-13 13:42:48,WM,IF_HCMWM_SAPFIN_001,SAP_ERP,ESB,Async,1,4.076,SESS-58E282FFDE,REQ-5448B6A21B66,
EVT-0004111,2026-09-10 02:46:55,WM,IF_HCMWM_SAPFIN_001,SAP_ERP,ESB,Async,1,5.384,SESS-7A580B2F0B,REQ-FBA3B4DC6F1C,
EVT-0004114,2026-09-11 17:08:50,WM,IF_HCMWM_SAPFIN_001,SAP_ERP,ESB,Async,1,3.827,SESS-1F9D16D7F2,REQ-80AF6EA01D75,
EVT-0004117,2026-09-10 19:40:46,PAY,IF_HCMPAY_SAPFIN_001,SAP_ERP,SFTP,Batch,1,10.016,SESS-F1FD57455F,REQ-0EA75D5C88EC,
EVT-0004121,2026-09-14 04:08:50,PAY,IF_HCMPAY_SAPFIN_001,SAP_ERP,SFTP,Batch,1,18.277,SESS-861CDFE442,REQ-C296A4835C00,
EVT-0004127,2026-09-11 20:25:35,PAY,IF_HCMPAY_SAPFIN_001,SAP_ERP,SFTP,Batch,9,84.848,SESS-80382D9D00,REQ-05F31DDDA6F5,TIME_004|Timeout|Downstream response exceeded SLA
EVT-0004148,2026-09-13 23:46:51,WM,IF_HCMWM_SAPFIN_001,SAP_ERP,ESB,Async,1,4.974,SESS-2A5A569131,REQ-49FABD64C87B,
EVT-0004158,2026-09-15 06:30:33,WM,IF_HCMWM_SAPFIN_001,SAP_ERP,ESB,Async,1,5.136,SESS-AC6FEFEB83,REQ-D87D1BCE56C9,
EVT-0004193,2026-09-11 16:38:21,WM,IF_HCMWM_SAPFIN_001,SAP_ERP,ESB,Async,1,5.168,SESS-7548623E02,REQ-4558C4B5A8D3,
EVT-0004217,2026-09-15 20:13:39,PAY,IF_HCMPAY_SAPFIN_001,SAP_ERP,SFTP,Batch,5,46.391,SESS-DF64B4DDA4,REQ-317E0DE885DA,VAL_400|Validation|Required business field failed validation
EVT-0004224,2026-09-16 16:20:18,WM,IF_HCMWM_SAPFIN_001,SAP_ERP,ESB,Async,1,3.994,SESS-2CE3A5A097,REQ-0D6CB41131C3,
EVT-0004241,2026-09-13 17:42:48,WM,IF_HCMWM_SAPFIN_001,SAP_ERP,ESB,Async,1,3.646,SESS-6A8CB9E2D3,REQ-464B7073FDB6,
EVT-0004260,2026-09-15 19:18:49,PAY,IF_HCMPAY_SAPFIN_001,SAP_ERP,SFTP,Batch,1,14.189,SESS-9C1D07D3B3,REQ-A9CFE91C79CF,
EVT-0004270,2026-09-10 10:33:20,WM,IF_HCMWM_SAPFIN_001,SAP_ERP,ESB,Async,1,4.886,SESS-5CEECB7A5C,REQ-D88DD3C5E69E,
EVT-0004275,2026-09-10 01:11:54,WM,IF_HCMWM_SAPFIN_001,SAP_ERP,ESB,Async,1,3.275,SESS-B2968A944B,REQ-CB3C9F76312C,
EVT-0004301,2026-09-11 14:11:53,WM,IF_HCMWM_SAPFIN_001,SAP_ERP,ESB,Async,1,4.19,SESS-66B91DFC82,REQ-F3DB50392F27,
EVT-0004304,2026-09-11 01:57:00,WM,IF_HCMWM_SAPFIN_001,SAP_ERP,ESB,Async,1,3.971,SESS-2682EAC542,REQ-4978C558B516,
EVT-0004315,2026-09-14 21:26:04,PAY,IF_HCMPAY_SAPFIN_001,SAP_ERP,SFTP,Batch,1,13.477,SESS-8C54F84C49,REQ-1AD3605C2393,
EVT-0004320,2026-09-10 13:42:17,PAY,IF_HCMPAY_SAPFIN_001,SAP_ERP,SFTP,Batch,5,30.225,SESS-AC061C2AC9,REQ-4FEF535D0E77,DB_COMMIT_014|Database|Transaction commit failed
EVT-0004331,2026-09-10 00:05:40,PAY,IF_HCMPAY_SAPFIN_001,SAP_ERP,SFTP,Batch,1,11.963,SESS-88CE9FA78C,REQ-FB8C958B1C16,
EVT-0004333,2026-09-11 00:07:50,WM,IF_HCMWM_SAPFIN_001,SAP_ERP,ESB,Async,5,14.883,SESS-E32E153964,REQ-0750523F87E1,AUTHZ_403|Authorization|Caller is not authorized
EVT-0004339,2026-09-15 19:48:51,PAY,IF_HCMPAY_SAPFIN_001,SAP_ERP,SFTP,Batch,1,14.418,SESS-CA60D04330,REQ-A99BAF595823,
EVT-0004362,2026-09-11 13:01:20,WM,IF_HCMWM_SAPFIN_001,SAP_ERP,ESB,Async,1,4.434,SESS-9BA9AFF8DC,REQ-7B96223AF2EE,
EVT-0004366,2026-09-10 07:58:53,PAY,IF_HCMPAY_SAPFIN_001,SAP_ERP,SFTP,Batch,1,13.024,SESS-87F48D3850,REQ-E4B381AC82D5,
EVT-0004367,2026-09-16 14:08:39,PAY,IF_HCMPAY_SAPFIN_001,SAP_ERP,SFTP,Batch,1,19.113,SESS-1A0CC719D7,REQ-0D1C5B39FD79,
EVT-0004377,2026-09-13 04:38:47,PAY,IF_HCMPAY_SAPFIN_001,SAP_ERP,SFTP,Batch,1,13.1,SESS-25B6E13836,REQ-86BDDA3352B4,
EVT-0004378,2026-09-16 12:17:08,PAY,IF_HCMPAY_SAPFIN_001,SAP_ERP,SFTP,Batch,1,15.302,SESS-6CF4C0D015,REQ-31EEB4723F74,
EVT-0004402,2026-09-16 23:35:10,PAY,IF_HCMPAY_SAPFIN_001,SAP_ERP,SFTP,Batch,1,11.554,SESS-6D9AE43E03,REQ-8CF9D961CA17,
EVT-0004414,2026-09-15 10:22:36,WM,IF_HCMWM_SAPFIN_001,SAP_ERP,ESB,Async,1,5.371,SESS-5599D4EDAF,REQ-C523E02433B4,
EVT-0004424,2026-09-12 06:48:09,WM,IF_HCMWM_SAPFIN_001,SAP_ERP,ESB,Async,1,3.734,SESS-13BD759D2C,REQ-FE31E07BA5C1,
EVT-0004429,2026-09-13 20:48:17,WM,IF_HCMWM_SAPFIN_001,SAP_ERP,ESB,Async,1,5.296,SESS-9A65D334C5,REQ-8EB3B75E175C,
EVT-0004450,2026-09-12 22:59:27,WM,IF_HCMWM_SAPFIN_001,SAP_ERP,ESB,Async,5,17.55,SESS-C2D7855652,REQ-791538F130EC,INFRA_008|Infrastructure|Runtime node unavailable
EVT-0004456,2026-09-12 17:07:28,WM,IF_HCMWM_SAPFIN_001,SAP_ERP,ESB,Async,1,4.41,SESS-DB0D07AC65,REQ-08ABDC453D4A,
EVT-0004471,2026-09-12 09:41:28,PAY,IF_HCMPAY_SAPFIN_001,SAP_ERP,SFTP,Batch,1,8.772,SESS-CBABEE7606,REQ-45FF583BC124,
EVT-0004482,2026-09-16 21:22:29,WM,IF_HCMWM_SAPFIN_001,SAP_ERP,ESB,Async,1,3.669,SESS-BC0132ACC3,REQ-A48CFDD0298D,
EVT-0004503,2026-09-15 00:36:47,PAY,IF_HCMPAY_SAPFIN_001,SAP_ERP,SFTP,Batch,1,10.015,SESS-F91C67956F,REQ-E6DA859FDA69,
EVT-0004510,2026-09-13 17:39:28,PAY,IF_HCMPAY_SAPFIN_001,SAP_ERP,SFTP,Batch,5,41.749,SESS-34AE6AB629,REQ-9BBA86A51084,AUTH_401|Authentication|Service credential rejected
EVT-0004538,2026-09-15 00:44:50,WM,IF_HCMWM_SAPFIN_001,SAP_ERP,ESB,Async,9,8.888,SESS-A2991F3D6C,REQ-9CF802039AE0,INFRA_008|Infrastructure|Runtime node unavailable
EVT-0004610,2026-09-16 12:41:17,WM,IF_HCMWM_SAPFIN_001,SAP_ERP,ESB,Async,1,4.204,SESS-AF59DA53AB,REQ-60CBF8B7F6CA,
EVT-0004654,2026-09-11 01:55:45,PAY,IF_HCMPAY_SAPFIN_001,SAP_ERP,SFTP,Batch,1,16.532,SESS-B8B6D7557B,REQ-328E8763FE41,
EVT-0004663,2026-09-10 04:20:04,WM,IF_HCMWM_SAPFIN_001,SAP_ERP,ESB,Async,1,3.646,SESS-FD64D9FFD4,REQ-9EBE570C5D79,
EVT-0004678,2026-09-10 00:03:41,WM,IF_HCMWM_SAPFIN_001,SAP_ERP,ESB,Async,1,5.257,SESS-6EB81ED911,REQ-4B67BDFB1D77,
EVT-0004696,2026-09-16 17:19:27,WM,IF_HCMWM_SAPFIN_001,SAP_ERP,ESB,Async,1,3.513,SESS-555F584CE9,REQ-9301BA6BD5E1,
EVT-0004707,2026-09-15 09:23:15,PAY,IF_HCMPAY_SAPFIN_001,SAP_ERP,SFTP,Batch,1,14.442,SESS-3E6CD5BED4,REQ-024B72262639,
EVT-0004724,2026-09-11 20:07:16,WM,IF_HCMWM_SAPFIN_001,SAP_ERP,ESB,Async,1,5.215,SESS-F233906C28,REQ-3E22DCEA66EF,
EVT-0004728,2026-09-10 03:44:32,WM,IF_HCMWM_SAPFIN_001,SAP_ERP,ESB,Async,1,4.262,SESS-23C59A2549,REQ-DBB7E6003AB8,
EVT-0004757,2026-09-13 19:13:51,WM,IF_HCMWM_SAPFIN_001,SAP_ERP,ESB,Async,1,5.159,SESS-C0330FC052,REQ-9DCA95589771,
EVT-0004766,2026-09-14 11:38:36,PAY,IF_HCMPAY_SAPFIN_001,SAP_ERP,SFTP,Batch,1,17.785,SESS-9FD402278C,REQ-6A2F8004106C,
EVT-0004769,2026-09-12 13:41:24,WM,IF_HCMWM_SAPFIN_001,SAP_ERP,ESB,Async,1,3.349,SESS-E42C8396FD,REQ-7E60B9549FEB,
EVT-0004809,2026-09-10 06:01:46,WM,IF_HCMWM_SAPFIN_001,SAP_ERP,ESB,Async,1,4.425,SESS-95D5B67302,REQ-2155C8C7E506,
EVT-0004830,2026-09-14 07:09:04,WM,IF_HCMWM_SAPFIN_001,SAP_ERP,ESB,Async,1,4.7,SESS-DAABE8E861,REQ-C97130D4D1FB,
EVT-0004836,2026-09-15 16:35:37,PAY,IF_HCMPAY_SAPFIN_001,SAP_ERP,SFTP,Batch,1,9.127,SESS-8AD219EDB1,REQ-9C4DB840A0B8,
EVT-0004846,2026-09-12 23:56:38,PAY,IF_HCMPAY_SAPFIN_001,SAP_ERP,SFTP,Batch,1,14.606,SESS-7FFF4061BB,REQ-1695307BABDF,
EVT-0004851,2026-09-13 06:32:22,PAY,IF_HCMPAY_SAPFIN_001,SAP_ERP,SFTP,Batch,1,18.241,SESS-46F9DD8B74,REQ-5A85874B1227,
EVT-0004864,2026-09-14 05:50:15,WM,IF_HCMWM_SAPFIN_001,SAP_ERP,ESB,Async,1,3.588,SESS-844BC24637,REQ-AE628357E150,
EVT-0004871,2026-09-16 12:06:47,PAY,IF_HCMPAY_SAPFIN_001,SAP_ERP,SFTP,Batch,9,63.648,SESS-78C338AB5F,REQ-A0FA9D33F667,AUTHZ_403|Authorization|Caller is not authorized
EVT-0004905,2026-09-16 14:54:50,PAY,IF_HCMPAY_SAPFIN_001,SAP_ERP,SFTP,Batch,1,15.072,SESS-6EE2FCA233,REQ-F692104FEE7B,
EVT-0004955,2026-09-13 09:03:16,WM,IF_HCMWM_SAPFIN_001,SAP_ERP,ESB,Async,1,4.18,SESS-F0059A7D18,REQ-1694BA55F398,
EVT-0004960,2026-09-12 13:31:28,PAY,IF_HCMPAY_SAPFIN_001,SAP_ERP,SFTP,Batch,1,16.26,SESS-BDACBFD35F,REQ-C6BFBC2F49E2,
EVT-0004971,2026-09-15 04:48:17,WM,IF_HCMWM_SAPFIN_001,SAP_ERP,ESB,Async,1,4.119,SESS-C8827707FF,REQ-4F4F2DBCAE36,
EVT-0004972,2026-09-13 20:11:51,PAY,IF_HCMPAY_SAPFIN_001,SAP_ERP,SFTP,Batch,9,25.25,SESS-66F565F75F,REQ-9EABC800F2E6,TIME_004|Timeout|Downstream response exceeded SLA
EVT-0005012,2026-09-12 05:47:04,PAY,IF_HCMPAY_SAPFIN_001,SAP_ERP,SFTP,Batch,1,16.085,SESS-F698D6137C,REQ-2B1D21F7A347,
EVT-0005019,2026-09-10 00:13:03,WM,IF_HCMWM_SAPFIN_001,SAP_ERP,ESB,Async,1,3.883,SESS-637DC309D4,REQ-35C53672A3B5,
EVT-0005020,2026-09-13 11:10:11,PAY,IF_HCMPAY_SAPFIN_001,SAP_ERP,SFTP,Batch,1,10.453,SESS-32D482D1EE,REQ-D3517F57C0F8,
EVT-0005026,2026-09-12 06:36:15,PAY,IF_HCMPAY_SAPFIN_001,SAP_ERP,SFTP,Batch,1,12.912,SESS-679F092977,REQ-B3A7EC8616AA,
EVT-0005048,2026-09-10 05:39:36,WM,IF_HCMWM_SAPFIN_001,SAP_ERP,ESB,Async,1,3.259,SESS-51DB384D8F,REQ-E52CDCD476DC,
EVT-0005050,2026-09-16 04:43:51,WM,IF_HCMWM_SAPFIN_001,SAP_ERP,ESB,Async,1,2.092,SESS-377D9B5D41,REQ-4CED20F5B677,
EVT-0005062,2026-09-16 05:14:55,PAY,IF_HCMPAY_SAPFIN_001,SAP_ERP,SFTP,Batch,1,17.691,SESS-08233565A4,REQ-52CEABCF79D9,
EVT-0005068,2026-09-11 20:57:33,PAY,IF_HCMPAY_SAPFIN_001,SAP_ERP,SFTP,Batch,1,15.872,SESS-3067238E00,REQ-9525BCDD2787,
EVT-0005069,2026-09-13 10:19:33,WM,IF_HCMWM_SAPFIN_001,SAP_ERP,ESB,Async,1,3.695,SESS-C39B992A87,REQ-20FF51694CBA,
EVT-0005087,2026-09-11 20:57:22,WM,IF_HCMWM_SAPFIN_001,SAP_ERP,ESB,Async,1,5.513,SESS-421E6071AA,REQ-9907E4DD7872,
EVT-0005095,2026-09-15 13:46:00,PAY,IF_HCMPAY_SAPFIN_001,SAP_ERP,SFTP,Batch,1,4.402,SESS-A0085F9959,REQ-FB34A42CA1FE,
EVT-0005127,2026-09-10 04:24:00,WM,IF_HCMWM_SAPFIN_001,SAP_ERP,ESB,Async,1,5.382,SESS-0A3C7ECBAF,REQ-E7A0407B4230,
EVT-0005139,2026-09-12 10:01:55,WM,IF_HCMWM_SAPFIN_001,SAP_ERP,ESB,Async,5,14.479,SESS-8708086E93,REQ-07E65C8E84EF,EXT_502|External Service|Downstream service returned 502
EVT-0005145,2026-09-16 05:21:47,PAY,IF_HCMPAY_SAPFIN_001,SAP_ERP,SFTP,Batch,1,14.073,SESS-F5DC41C69C,REQ-E8CDE1B60848,
EVT-0005176,2026-09-11 09:53:25,WM,IF_HCMWM_SAPFIN_001,SAP_ERP,ESB,Async,5,15.766,SESS-7DBB55E070,REQ-B0ECC8E1206B,EXT_502|External Service|Downstream service returned 502
EVT-0005204,2026-09-13 06:42:24,WM,IF_HCMWM_SAPFIN_001,SAP_ERP,ESB,Async,1,3.732,SESS-D32DADFB53,REQ-9741E008CC45,
EVT-0005220,2026-09-11 03:03:11,PAY,IF_HCMPAY_SAPFIN_001,SAP_ERP,SFTP,Batch,1,7.316,SESS-C17AE26748,REQ-BAE2C933DD16,
EVT-0005225,2026-09-11 02:29:18,WM,IF_HCMWM_SAPFIN_001,SAP_ERP,ESB,Async,1,4.331,SESS-3098056CBC,REQ-BAAAA47A6467,
EVT-0005240,2026-09-14 03:47:27,PAY,IF_HCMPAY_SAPFIN_001,SAP_ERP,SFTP,Batch,1,9.273,SESS-EDE45CF1D9,REQ-E78B82DC9BBF,
EVT-0005249,2026-09-11 15:00:51,WM,IF_HCMWM_SAPFIN_001,SAP_ERP,ESB,Async,1,2.67,SESS-E85DE6F39D,REQ-0346044967B3,
EVT-0005267,2026-09-12 06:11:42,PAY,IF_HCMPAY_SAPFIN_001,SAP_ERP,SFTP,Batch,1,17.478,SESS-990051F4A0,REQ-B99B40BA665C,
EVT-0005272,2026-09-14 18:57:26,PAY,IF_HCMPAY_SAPFIN_001,SAP_ERP,SFTP,Batch,1,11.074,SESS-C39E385CFC,REQ-D57E97CB425B,
EVT-0005307,2026-09-12 09:28:23,PAY,IF_HCMPAY_SAPFIN_001,SAP_ERP,SFTP,Batch,1,16.375,SESS-B791D39B57,REQ-74CF8A0CFB78,
EVT-0005313,2026-09-15 21:10:34,WM,IF_HCMWM_SAPFIN_001,SAP_ERP,ESB,Async,1,2.808,SESS-ED466FC58C,REQ-A94B5E553B87,
EVT-0005330,2026-09-11 22:13:53,WM,IF_HCMWM_SAPFIN_001,SAP_ERP,ESB,Async,1,3.212,SESS-A2E9E8E97F,REQ-F9F6A18474FE,
EVT-0005346,2026-09-16 08:50:19,WM,IF_HCMWM_SAPFIN_001,SAP_ERP,ESB,Async,1,4.23,SESS-39C719F2EF,REQ-2A138A541628,
EVT-0005349,2026-09-14 09:47:27,PAY,IF_HCMPAY_SAPFIN_001,SAP_ERP,SFTP,Batch,9,60.742,SESS-86F67EEEAE,REQ-13DB861BAF57,NET_CONN_003|Network|Connection reset by peer
EVT-0005355,2026-09-15 22:11:39,PAY,IF_HCMPAY_SAPFIN_001,SAP_ERP,SFTP,Batch,1,15.664,SESS-F59D71CE9B,REQ-3EAAE08F1E4F,
EVT-0005384,2026-09-11 11:51:03,PAY,IF_HCMPAY_SAPFIN_001,SAP_ERP,SFTP,Batch,5,44.15,SESS-2BC70DE4B5,REQ-84375908CB8B,INFRA_008|Infrastructure|Runtime node unavailable
EVT-0005438,2026-09-13 18:19:29,WM,IF_HCMWM_SAPFIN_001,SAP_ERP,ESB,Async,5,9.678,SESS-D71D7358AC,REQ-C96ED8D435FD,INFRA_008|Infrastructure|Runtime node unavailable
EVT-0005439,2026-09-10 01:19:58,WM,IF_HCMWM_SAPFIN_001,SAP_ERP,ESB,Async,1,4.316,SESS-04F619E693,REQ-0C07F478463A,
EVT-0005441,2026-09-12 08:41:41,WM,IF_HCMWM_SAPFIN_001,SAP_ERP,ESB,Async,1,3.886,SESS-E65F7B94E4,REQ-C4C8B1D69305,
EVT-0005461,2026-09-14 12:47:52,WM,IF_HCMWM_SAPFIN_001,SAP_ERP,ESB,Async,1,4.698,SESS-A3D55E77CF,REQ-290D49003061,
EVT-0005462,2026-09-10 13:03:43,WM,IF_HCMWM_SAPFIN_001,SAP_ERP,ESB,Async,1,2.696,SESS-7CC279CF6F,REQ-60EE5EFBD969,
EVT-0005477,2026-09-14 20:56:13,WM,IF_HCMWM_SAPFIN_001,SAP_ERP,ESB,Async,1,4.785,SESS-64E4380A97,REQ-195F1B9740B5,
EVT-0005498,2026-09-10 05:25:05,WM,IF_HCMWM_SAPFIN_001,SAP_ERP,ESB,Async,1,4.864,SESS-805FB01EE6,REQ-C62BD3484A07,
EVT-0005510,2026-09-10 19:25:42,PAY,IF_HCMPAY_SAPFIN_001,SAP_ERP,SFTP,Batch,1,9.359,SESS-78A58E3E22,REQ-A9C2E9C307A1,
EVT-0005523,2026-09-10 11:11:36,WM,IF_HCMWM_SAPFIN_001,SAP_ERP,ESB,Async,1,6.262,SESS-E06F5B72B4,REQ-0B800F1706CD,
EVT-0005540,2026-09-16 03:00:39,WM,IF_HCMWM_SAPFIN_001,SAP_ERP,ESB,Async,9,14.566,SESS-EEEA657B54,REQ-8332EA6F37E8,NET_CONN_003|Network|Connection reset by peer
EVT-0005552,2026-09-15 15:56:12,PAY,IF_HCMPAY_SAPFIN_001,SAP_ERP,SFTP,Batch,1,8.142,SESS-560008721C,REQ-017A3E223D22,
EVT-0005560,2026-09-10 05:54:00,WM,IF_HCMWM_SAPFIN_001,SAP_ERP,ESB,Async,9,36.071,SESS-11569F86F9,REQ-41A34EDCE645,EXT_502|External Service|Downstream service returned 502
EVT-0005583,2026-09-14 10:36:43,WM,IF_HCMWM_SAPFIN_001,SAP_ERP,ESB,Async,9,7.269,SESS-8849E34296,REQ-F506DE8CF375,VAL_400|Validation|Required business field failed validation
EVT-0005586,2026-09-11 15:16:28,PAY,IF_HCMPAY_SAPFIN_001,SAP_ERP,SFTP,Batch,1,18.129,SESS-BE3E267CEF,REQ-A8C6D772421B,
EVT-0005597,2026-09-13 09:19:04,WM,IF_HCMWM_SAPFIN_001,SAP_ERP,ESB,Async,1,3.224,SESS-98BAA31BF5,REQ-085A0B4B7D64,
EVT-0005640,2026-09-11 02:02:36,WM,IF_HCMWM_SAPFIN_001,SAP_ERP,ESB,Async,1,3.508,SESS-F191CF2630,REQ-1A4FA6C99457,
EVT-0005649,2026-09-14 02:32:20,WM,IF_HCMWM_SAPFIN_001,SAP_ERP,ESB,Async,1,2.582,SESS-D91AA36361,REQ-3D66B8B6D2AA,
EVT-0005654,2026-09-14 20:12:20,PAY,IF_HCMPAY_SAPFIN_001,SAP_ERP,SFTP,Batch,1,14.896,SESS-590D9E3CF2,REQ-6581E31B2A2D,
EVT-0005657,2026-09-12 17:50:17,PAY,IF_HCMPAY_SAPFIN_001,SAP_ERP,SFTP,Batch,1,12.793,SESS-D24A24D126,REQ-62E874D37FB7,
EVT-0005691,2026-09-11 14:52:15,WM,IF_HCMWM_SAPFIN_001,SAP_ERP,ESB,Async,1,5.909,SESS-BA5CDAA63A,REQ-F30827DA93B0,
EVT-0005693,2026-09-12 18:50:10,WM,IF_HCMWM_SAPFIN_001,SAP_ERP,ESB,Async,1,3.382,SESS-FA57D4B80B,REQ-495DAD60C16C,
EVT-0005737,2026-09-16 06:01:14,PAY,IF_HCMPAY_SAPFIN_001,SAP_ERP,SFTP,Batch,5,46.59,SESS-6A65E47A1E,REQ-313FDFD9FF00,CAP_003|Capacity|Downstream service is at capacity
EVT-0005750,2026-09-14 16:36:44,PAY,IF_HCMPAY_SAPFIN_001,SAP_ERP,SFTP,Batch,1,8.687,SESS-D2A7B371FE,REQ-810C7ABE8AE0,
EVT-0005751,2026-09-14 11:03:46,PAY,IF_HCMPAY_SAPFIN_001,SAP_ERP,SFTP,Batch,1,16.546,SESS-1B501282DA,REQ-7F56A1B9516F,
EVT-0005784,2026-09-15 04:02:59,PAY,IF_HCMPAY_SAPFIN_001,SAP_ERP,SFTP,Batch,1,10.998,SESS-383C929415,REQ-5A8C03222F06,
EVT-0005794,2026-09-10 03:06:21,WM,IF_HCMWM_SAPFIN_001,SAP_ERP,ESB,Async,5,17.776,SESS-DB0EA061DD,REQ-B48EAA68AA20,TIME_004|Timeout|Downstream response exceeded SLA
EVT-0005803,2026-09-15 23:29:30,PAY,IF_HCMPAY_SAPFIN_001,SAP_ERP,SFTP,Batch,1,11.517,SESS-C31DD1DFD8,REQ-A45F33448430,
EVT-0005804,2026-09-14 01:05:39,WM,IF_HCMWM_SAPFIN_001,SAP_ERP,ESB,Async,1,5.352,SESS-302443A044,REQ-8748FF580B71,
EVT-0005807,2026-09-11 14:37:00,WM,IF_HCMWM_SAPFIN_001,SAP_ERP,ESB,Async,1,4.695,SESS-2766F58091,REQ-C893A7F6959D,
EVT-0005809,2026-09-13 02:54:20,PAY,IF_HCMPAY_SAPFIN_001,SAP_ERP,SFTP,Batch,5,22.067,SESS-3DD19CDB2D,REQ-55FA589E4676,TIME_004|Timeout|Downstream response exceeded SLA
EVT-0005833,2026-09-14 17:54:30,PAY,IF_HCMPAY_SAPFIN_001,SAP_ERP,SFTP,Batch,1,16.462,SESS-FD959DBD11,REQ-E1828F191064,
EVT-0005857,2026-09-10 03:08:58,WM,IF_HCMWM_SAPFIN_001,SAP_ERP,ESB,Async,1,5.49,SESS-D427D845D5,REQ-DB8F0DF2A472,
EVT-0005877,2026-09-10 20:22:52,PAY,IF_HCMPAY_SAPFIN_001,SAP_ERP,SFTP,Batch,1,17.098,SESS-0E722961E1,REQ-38ED87EBBB59,
EVT-0005904,2026-09-16 00:10:50,WM,IF_HCMWM_SAPFIN_001,SAP_ERP,ESB,Async,9,32.246,SESS-C18D5B4F47,REQ-B17A735B9A17,DB_COMMIT_014|Database|Transaction commit failed
EVT-0005945,2026-09-12 00:06:46,PAY,IF_HCMPAY_SAPFIN_001,SAP_ERP,SFTP,Batch,1,15.316,SESS-677F8D6837,REQ-359C25E52DB5,
EVT-0005959,2026-09-14 22:02:48,WM,IF_HCMWM_SAPFIN_001,SAP_ERP,ESB,Async,1,3.175,SESS-78E9E3E27F,REQ-CB09AF00E25C,
EVT-0005962,2026-09-12 20:34:17,PAY,IF_HCMPAY_SAPFIN_001,SAP_ERP,SFTP,Batch,1,13.062,SESS-8D130B929A,REQ-7A51F76D2E44,
EVT-0005980,2026-09-12 05:27:33,PAY,IF_HCMPAY_SAPFIN_001,SAP_ERP,SFTP,Batch,1,11.611,SESS-942EB32BDC,REQ-346E8D67F8B9,
EVT-0005990,2026-09-10 15:40:10,WM,IF_HCMWM_SAPFIN_001,SAP_ERP,ESB,Async,1,4.821,SESS-F0B11ADAAE,REQ-BD874A5064F4,
